adapter_type,model,variant,seed,AUC,AUPRC,ACC,F1,MCC,Threshold,metrics_path,predictions_path,config_path
dora,ankh,lm_only,11,0.7244082840236686,0.2462352796616814,0.6188811188811189,0.2377622377622377,0.1574206701320309,0.15,/home/nemophila/projects/protein_bert/LLM/runs_frozen/dora/ankh/lm_only/seed_11/metrics.json,/home/nemophila/projects/protein_bert/LLM/runs_frozen/dora/ankh/lm_only/seed_11/predictions.csv,/home/nemophila/projects/protein_bert/LLM/runs_frozen/dora/ankh/lm_only/seed_11/config.json
dora,ankh,lm_only,22,0.7766272189349113,0.2765475579190407,0.8391608391608392,0.28125,0.1987065560467476,0.3,/home/nemophila/projects/protein_bert/LLM/runs_frozen/dora/ankh/lm_only/seed_22/metrics.json,/home/nemophila/projects/protein_bert/LLM/runs_frozen/dora/ankh/lm_only/seed_22/predictions.csv,/home/nemophila/projects/protein_bert/LLM/runs_frozen/dora/ankh/lm_only/seed_22/config.json
dora,ankh,lm_only,33,0.7847633136094674,0.2529068445064574,0.6608391608391608,0.302158273381295,0.2668822768097859,0.15,/home/nemophila/projects/protein_bert/LLM/runs_frozen/dora/ankh/lm_only/seed_33/metrics.json,/home/nemophila/projects/protein_bert/LLM/runs_frozen/dora/ankh/lm_only/seed_33/predictions.csv,/home/nemophila/projects/protein_bert/LLM/runs_frozen/dora/ankh/lm_only/seed_33/config.json
dora,ankh,lm_only,44,0.8044378698224852,0.3355408718698768,0.3426573426573426,0.2166666666666666,0.1834253521547229,0.1,/home/nemophila/projects/protein_bert/LLM/runs_frozen/dora/ankh/lm_only/seed_44/metrics.json,/home/nemophila/projects/protein_bert/LLM/runs_frozen/dora/ankh/lm_only/seed_44/predictions.csv,/home/nemophila/projects/protein_bert/LLM/runs_frozen/dora/ankh/lm_only/seed_44/config.json
dora,ankh,lm_only,55,0.7869822485207101,0.2894266015053208,0.7412587412587412,0.3272727272727272,0.2767512069560431,0.2,/home/nemophila/projects/protein_bert/LLM/runs_frozen/dora/ankh/lm_only/seed_55/metrics.json,/home/nemophila/projects/protein_bert/LLM/runs_frozen/dora/ankh/lm_only/seed_55/predictions.csv,/home/nemophila/projects/protein_bert/LLM/runs_frozen/dora/ankh/lm_only/seed_55/config.json
dora,ankh,lm_pssm,11,0.9289940828402368,0.5847632257076291,0.8916083916083916,0.4745762711864407,0.4187628431947846,0.35,/home/nemophila/projects/protein_bert/LLM/runs_frozen/dora/ankh/lm_pssm/seed_11/metrics.json,/home/nemophila/projects/protein_bert/LLM/runs_frozen/dora/ankh/lm_pssm/seed_11/predictions.csv,/home/nemophila/projects/protein_bert/LLM/runs_frozen/dora/ankh/lm_pssm/seed_11/config.json
dora,ankh,lm_pssm,22,0.9261834319526628,0.5785599927002076,0.9125874125874126,0.5454545454545454,0.498165156090347,0.4499999999999999,/home/nemophila/projects/protein_bert/LLM/runs_frozen/dora/ankh/lm_pssm/seed_22/metrics.json,/home/nemophila/projects/protein_bert/LLM/runs_frozen/dora/ankh/lm_pssm/seed_22/predictions.csv,/home/nemophila/projects/protein_bert/LLM/runs_frozen/dora/ankh/lm_pssm/seed_22/config.json
dora,ankh,lm_pssm,33,0.9199704142011832,0.5953053215923564,0.9195804195804196,0.5106382978723404,0.47053333277322,0.5499999999999999,/home/nemophila/projects/protein_bert/LLM/runs_frozen/dora/ankh/lm_pssm/seed_33/metrics.json,/home/nemophila/projects/protein_bert/LLM/runs_frozen/dora/ankh/lm_pssm/seed_33/predictions.csv,/home/nemophila/projects/protein_bert/LLM/runs_frozen/dora/ankh/lm_pssm/seed_33/config.json
dora,ankh,lm_pssm,44,0.9384615384615383,0.6778289367457561,0.9370629370629372,0.6086956521739131,0.5809636795811605,0.65,/home/nemophila/projects/protein_bert/LLM/runs_frozen/dora/ankh/lm_pssm/seed_44/metrics.json,/home/nemophila/projects/protein_bert/LLM/runs_frozen/dora/ankh/lm_pssm/seed_44/predictions.csv,/home/nemophila/projects/protein_bert/LLM/runs_frozen/dora/ankh/lm_pssm/seed_44/config.json
dora,ankh,lm_pssm,55,0.9263313609467456,0.6240449389121463,0.9125874125874126,0.576271186440678,0.5329708913388167,0.35,/home/nemophila/projects/protein_bert/LLM/runs_frozen/dora/ankh/lm_pssm/seed_55/metrics.json,/home/nemophila/projects/protein_bert/LLM/runs_frozen/dora/ankh/lm_pssm/seed_55/predictions.csv,/home/nemophila/projects/protein_bert/LLM/runs_frozen/dora/ankh/lm_pssm/seed_55/config.json
dora,esm2,lm_only,11,0.930621301775148,0.6287317853469455,0.8881118881118881,0.5555555555555556,0.523678460923096,0.2,/home/nemophila/projects/protein_bert/LLM/runs_frozen/dora/esm2/lm_only/seed_11/metrics.json,/home/nemophila/projects/protein_bert/LLM/runs_frozen/dora/esm2/lm_only/seed_11/predictions.csv,/home/nemophila/projects/protein_bert/LLM/runs_frozen/dora/esm2/lm_only/seed_11/config.json
dora,esm2,lm_only,22,0.9322485207100591,0.6939844146927763,0.9475524475524476,0.7058823529411765,0.6772606531736247,0.5499999999999999,/home/nemophila/projects/protein_bert/LLM/runs_frozen/dora/esm2/lm_only/seed_22/metrics.json,/home/nemophila/projects/protein_bert/LLM/runs_frozen/dora/esm2/lm_only/seed_22/predictions.csv,/home/nemophila/projects/protein_bert/LLM/runs_frozen/dora/esm2/lm_only/seed_22/config.json
dora,esm2,lm_only,33,0.9519230769230768,0.7678985857671479,0.944055944055944,0.7241379310344828,0.6980093319999777,0.3,/home/nemophila/projects/protein_bert/LLM/runs_frozen/dora/esm2/lm_only/seed_33/metrics.json,/home/nemophila/projects/protein_bert/LLM/runs_frozen/dora/esm2/lm_only/seed_33/predictions.csv,/home/nemophila/projects/protein_bert/LLM/runs_frozen/dora/esm2/lm_only/seed_33/config.json
dora,esm2,lm_only,44,0.9183431952662722,0.5873428291932073,0.93006993006993,0.6,0.5622932189900012,0.5499999999999999,/home/nemophila/projects/protein_bert/LLM/runs_frozen/dora/esm2/lm_only/seed_44/metrics.json,/home/nemophila/projects/protein_bert/LLM/runs_frozen/dora/esm2/lm_only/seed_44/predictions.csv,/home/nemophila/projects/protein_bert/LLM/runs_frozen/dora/esm2/lm_only/seed_44/config.json
dora,esm2,lm_only,55,0.9431952662721892,0.6897751564175981,0.9405594405594404,0.7017543859649122,0.6722191293579518,0.35,/home/nemophila/projects/protein_bert/LLM/runs_frozen/dora/esm2/lm_only/seed_55/metrics.json,/home/nemophila/projects/protein_bert/LLM/runs_frozen/dora/esm2/lm_only/seed_55/predictions.csv,/home/nemophila/projects/protein_bert/LLM/runs_frozen/dora/esm2/lm_only/seed_55/config.json
dora,esm2,lm_pssm,11,0.9588757396449704,0.6979249168349844,0.93006993006993,0.5,0.4919520370144726,0.65,/home/nemophila/projects/protein_bert/LLM/runs_frozen/dora/esm2/lm_pssm/seed_11/metrics.json,/home/nemophila/projects/protein_bert/LLM/runs_frozen/dora/esm2/lm_pssm/seed_11/predictions.csv,/home/nemophila/projects/protein_bert/LLM/runs_frozen/dora/esm2/lm_pssm/seed_11/config.json
dora,esm2,lm_pssm,22,0.9360946745562132,0.6834234832999376,0.9230769230769232,0.5925925925925926,0.5506464538749029,0.35,/home/nemophila/projects/protein_bert/LLM/runs_frozen/dora/esm2/lm_pssm/seed_22/metrics.json,/home/nemophila/projects/protein_bert/LLM/runs_frozen/dora/esm2/lm_pssm/seed_22/predictions.csv,/home/nemophila/projects/protein_bert/LLM/runs_frozen/dora/esm2/lm_pssm/seed_22/config.json
dora,esm2,lm_pssm,33,0.9511834319526628,0.6767572665845573,0.9230769230769232,0.6451612903225806,0.6133333333333333,0.3999999999999999,/home/nemophila/projects/protein_bert/LLM/runs_frozen/dora/esm2/lm_pssm/seed_33/metrics.json,/home/nemophila/projects/protein_bert/LLM/runs_frozen/dora/esm2/lm_pssm/seed_33/predictions.csv,/home/nemophila/projects/protein_bert/LLM/runs_frozen/dora/esm2/lm_pssm/seed_33/config.json
dora,esm2,lm_pssm,44,0.964792899408284,0.7776360506318091,0.93006993006993,0.6774193548387096,0.65,0.3999999999999999,/home/nemophila/projects/protein_bert/LLM/runs_frozen/dora/esm2/lm_pssm/seed_44/metrics.json,/home/nemophila/projects/protein_bert/LLM/runs_frozen/dora/esm2/lm_pssm/seed_44/predictions.csv,/home/nemophila/projects/protein_bert/LLM/runs_frozen/dora/esm2/lm_pssm/seed_44/config.json
dora,esm2,lm_pssm,55,0.939792899408284,0.6720538349494188,0.916083916083916,0.5862068965517241,0.5436756103517414,0.3999999999999999,/home/nemophila/projects/protein_bert/LLM/runs_frozen/dora/esm2/lm_pssm/seed_55/metrics.json,/home/nemophila/projects/protein_bert/LLM/runs_frozen/dora/esm2/lm_pssm/seed_55/predictions.csv,/home/nemophila/projects/protein_bert/LLM/runs_frozen/dora/esm2/lm_pssm/seed_55/config.json
dora,protbert,lm_only,11,0.8766272189349112,0.4911855836939665,0.8391608391608392,0.4102564102564102,0.3554774733461204,0.15,/home/nemophila/projects/protein_bert/LLM/runs_frozen/dora/protbert/lm_only/seed_11/metrics.json,/home/nemophila/projects/protein_bert/LLM/runs_frozen/dora/protbert/lm_only/seed_11/predictions.csv,/home/nemophila/projects/protein_bert/LLM/runs_frozen/dora/protbert/lm_only/seed_11/config.json
dora,protbert,lm_only,22,0.8855029585798817,0.443821915882664,0.7972027972027972,0.42,0.3963837683229513,0.2,/home/nemophila/projects/protein_bert/LLM/runs_frozen/dora/protbert/lm_only/seed_22/metrics.json,/home/nemophila/projects/protein_bert/LLM/runs_frozen/dora/protbert/lm_only/seed_22/predictions.csv,/home/nemophila/projects/protein_bert/LLM/runs_frozen/dora/protbert/lm_only/seed_22/config.json
dora,protbert,lm_only,33,0.888905325443787,0.516121702554078,0.8391608391608392,0.4523809523809524,0.415236505032876,0.25,/home/nemophila/projects/protein_bert/LLM/runs_frozen/dora/protbert/lm_only/seed_33/metrics.json,/home/nemophila/projects/protein_bert/LLM/runs_frozen/dora/protbert/lm_only/seed_33/predictions.csv,/home/nemophila/projects/protein_bert/LLM/runs_frozen/dora/protbert/lm_only/seed_33/config.json
dora,protbert,lm_only,44,0.9079881656804734,0.5667261857205315,0.8181818181818182,0.4347826086956521,0.404145188432738,0.2,/home/nemophila/projects/protein_bert/LLM/runs_frozen/dora/protbert/lm_only/seed_44/metrics.json,/home/nemophila/projects/protein_bert/LLM/runs_frozen/dora/protbert/lm_only/seed_44/predictions.csv,/home/nemophila/projects/protein_bert/LLM/runs_frozen/dora/protbert/lm_only/seed_44/config.json
dora,protbert,lm_only,55,0.8928994082840237,0.5150897756413044,0.8776223776223776,0.4615384615384615,0.4059660957288741,0.3999999999999999,/home/nemophila/projects/protein_bert/LLM/runs_frozen/dora/protbert/lm_only/seed_55/metrics.json,/home/nemophila/projects/protein_bert/LLM/runs_frozen/dora/protbert/lm_only/seed_55/predictions.csv,/home/nemophila/projects/protein_bert/LLM/runs_frozen/dora/protbert/lm_only/seed_55/config.json
dora,protbert,lm_pssm,11,0.931360946745562,0.6008835216865842,0.916083916083916,0.5714285714285714,0.5268321206355335,0.3999999999999999,/home/nemophila/projects/protein_bert/LLM/runs_frozen/dora/protbert/lm_pssm/seed_11/metrics.json,/home/nemophila/projects/protein_bert/LLM/runs_frozen/dora/protbert/lm_pssm/seed_11/predictions.csv,/home/nemophila/projects/protein_bert/LLM/runs_frozen/dora/protbert/lm_pssm/seed_11/config.json
dora,protbert,lm_pssm,22,0.9362426035502958,0.5997857363321294,0.916083916083916,0.5384615384615384,0.4923076923076923,0.4499999999999999,/home/nemophila/projects/protein_bert/LLM/runs_frozen/dora/protbert/lm_pssm/seed_22/metrics.json,/home/nemophila/projects/protein_bert/LLM/runs_frozen/dora/protbert/lm_pssm/seed_22/predictions.csv,/home/nemophila/projects/protein_bert/LLM/runs_frozen/dora/protbert/lm_pssm/seed_22/config.json
dora,protbert,lm_pssm,33,0.9224852071005918,0.5950870325710101,0.8741258741258742,0.5263157894736842,0.4948891332786446,0.2,/home/nemophila/projects/protein_bert/LLM/runs_frozen/dora/protbert/lm_pssm/seed_33/metrics.json,/home/nemophila/projects/protein_bert/LLM/runs_frozen/dora/protbert/lm_pssm/seed_33/predictions.csv,/home/nemophila/projects/protein_bert/LLM/runs_frozen/dora/protbert/lm_pssm/seed_33/config.json
dora,protbert,lm_pssm,44,0.9371301775147928,0.6501891083629193,0.902097902097902,0.5757575757575758,0.5387523225385208,0.25,/home/nemophila/projects/protein_bert/LLM/runs_frozen/dora/protbert/lm_pssm/seed_44/metrics.json,/home/nemophila/projects/protein_bert/LLM/runs_frozen/dora/protbert/lm_pssm/seed_44/predictions.csv,/home/nemophila/projects/protein_bert/LLM/runs_frozen/dora/protbert/lm_pssm/seed_44/config.json
dora,protbert,lm_pssm,55,0.9242603550295858,0.5695126520617364,0.9195804195804196,0.5490196078431373,0.505009388782645,0.3999999999999999,/home/nemophila/projects/protein_bert/LLM/runs_frozen/dora/protbert/lm_pssm/seed_55/metrics.json,/home/nemophila/projects/protein_bert/LLM/runs_frozen/dora/protbert/lm_pssm/seed_55/predictions.csv,/home/nemophila/projects/protein_bert/LLM/runs_frozen/dora/protbert/lm_pssm/seed_55/config.json
dora,prott5,lm_only,11,0.9072485207100592,0.5016694784957201,0.8776223776223776,0.4776119402985074,0.4259501720029795,0.2,/home/nemophila/projects/protein_bert/LLM/runs_frozen/dora/prott5/lm_only/seed_11/metrics.json,/home/nemophila/projects/protein_bert/LLM/runs_frozen/dora/prott5/lm_only/seed_11/predictions.csv,/home/nemophila/projects/protein_bert/LLM/runs_frozen/dora/prott5/lm_only/seed_11/config.json
dora,prott5,lm_only,22,0.9149408284023668,0.5348749789524073,0.9055944055944056,0.5423728813559322,0.4949015419574726,0.5499999999999999,/home/nemophila/projects/protein_bert/LLM/runs_frozen/dora/prott5/lm_only/seed_22/metrics.json,/home/nemophila/projects/protein_bert/LLM/runs_frozen/dora/prott5/lm_only/seed_22/predictions.csv,/home/nemophila/projects/protein_bert/LLM/runs_frozen/dora/prott5/lm_only/seed_22/config.json
dora,prott5,lm_only,33,0.8989644970414201,0.6530925859051389,0.9090909090909092,0.5666666666666667,0.5226990393278772,0.3,/home/nemophila/projects/protein_bert/LLM/runs_frozen/dora/prott5/lm_only/seed_33/metrics.json,/home/nemophila/projects/protein_bert/LLM/runs_frozen/dora/prott5/lm_only/seed_33/predictions.csv,/home/nemophila/projects/protein_bert/LLM/runs_frozen/dora/prott5/lm_only/seed_33/config.json
dora,prott5,lm_only,44,0.8878698224852071,0.5415976919649552,0.8531468531468531,0.5,0.4757345388787256,0.15,/home/nemophila/projects/protein_bert/LLM/runs_frozen/dora/prott5/lm_only/seed_44/metrics.json,/home/nemophila/projects/protein_bert/LLM/runs_frozen/dora/prott5/lm_only/seed_44/predictions.csv,/home/nemophila/projects/protein_bert/LLM/runs_frozen/dora/prott5/lm_only/seed_44/config.json
dora,prott5,lm_only,55,0.906360946745562,0.641524889242767,0.9195804195804196,0.5818181818181818,0.5384579260682427,0.3999999999999999,/home/nemophila/projects/protein_bert/LLM/runs_frozen/dora/prott5/lm_only/seed_55/metrics.json,/home/nemophila/projects/protein_bert/LLM/runs_frozen/dora/prott5/lm_only/seed_55/predictions.csv,/home/nemophila/projects/protein_bert/LLM/runs_frozen/dora/prott5/lm_only/seed_55/config.json
dora,prott5,lm_pssm,11,0.9346153846153846,0.6104458077596076,0.916083916083916,0.5384615384615384,0.4923076923076923,0.4499999999999999,/home/nemophila/projects/protein_bert/LLM/runs_frozen/dora/prott5/lm_pssm/seed_11/metrics.json,/home/nemophila/projects/protein_bert/LLM/runs_frozen/dora/prott5/lm_pssm/seed_11/predictions.csv,/home/nemophila/projects/protein_bert/LLM/runs_frozen/dora/prott5/lm_pssm/seed_11/config.json
dora,prott5,lm_pssm,22,0.9347633136094676,0.6203377908605542,0.9230769230769232,0.5769230769230769,0.5346153846153846,0.4999999999999999,/home/nemophila/projects/protein_bert/LLM/runs_frozen/dora/prott5/lm_pssm/seed_22/metrics.json,/home/nemophila/projects/protein_bert/LLM/runs_frozen/dora/prott5/lm_pssm/seed_22/predictions.csv,/home/nemophila/projects/protein_bert/LLM/runs_frozen/dora/prott5/lm_pssm/seed_22/config.json
dora,prott5,lm_pssm,33,0.9321005917159764,0.6041377988536177,0.9265734265734266,0.5882352941176471,0.5480722048803899,0.4999999999999999,/home/nemophila/projects/protein_bert/LLM/runs_frozen/dora/prott5/lm_pssm/seed_33/metrics.json,/home/nemophila/projects/protein_bert/LLM/runs_frozen/dora/prott5/lm_pssm/seed_33/predictions.csv,/home/nemophila/projects/protein_bert/LLM/runs_frozen/dora/prott5/lm_pssm/seed_33/config.json
dora,prott5,lm_pssm,44,0.934171597633136,0.6908289951261415,0.9090909090909092,0.5806451612903226,0.54,0.3,/home/nemophila/projects/protein_bert/LLM/runs_frozen/dora/prott5/lm_pssm/seed_44/metrics.json,/home/nemophila/projects/protein_bert/LLM/runs_frozen/dora/prott5/lm_pssm/seed_44/predictions.csv,/home/nemophila/projects/protein_bert/LLM/runs_frozen/dora/prott5/lm_pssm/seed_44/config.json
dora,prott5,lm_pssm,55,0.9297337278106508,0.6321264495315704,0.9195804195804196,0.5818181818181818,0.5384579260682427,0.44999999999999996,/home/nemophila/projects/protein_bert/LLM/runs_frozen/dora/prott5/lm_pssm/seed_55/metrics.json,/home/nemophila/projects/protein_bert/LLM/runs_frozen/dora/prott5/lm_pssm/seed_55/predictions.csv,/home/nemophila/projects/protein_bert/LLM/runs_frozen/dora/prott5/lm_pssm/seed_55/config.json
lora,ankh,lm_only,11,0.8571428571428572,0.4166666666666666,0.625,0.4,0.3779644730092272,0.15,/home/nemophila/projects/protein_bert/LLM/runs_frozen/lora/ankh/lm_only/seed_11/metrics.json,/home/nemophila/projects/protein_bert/LLM/runs_frozen/lora/ankh/lm_only/seed_11/predictions.csv,/home/nemophila/projects/protein_bert/LLM/runs_frozen/lora/ankh/lm_only/seed_11/config.json
lora,ankh,lm_only,22,0.7843195266272189,0.2491657411961002,0.6783216783216783,0.2923076923076923,0.241344238423291,0.15,/home/nemophila/projects/protein_bert/LLM/runs_frozen/lora/ankh/lm_only/seed_22/metrics.json,/home/nemophila/projects/protein_bert/LLM/runs_frozen/lora/ankh/lm_only/seed_22/predictions.csv,/home/nemophila/projects/protein_bert/LLM/runs_frozen/lora/ankh/lm_only/seed_22/config.json
lora,ankh,lm_only,33,0.7893491124260356,0.2931539226247135,0.7237762237762237,0.3130434782608696,0.2603145130350712,0.2,/home/nemophila/projects/protein_bert/LLM/runs_frozen/lora/ankh/lm_only/seed_33/metrics.json,/home/nemophila/projects/protein_bert/LLM/runs_frozen/lora/ankh/lm_only/seed_33/predictions.csv,/home/nemophila/projects/protein_bert/LLM/runs_frozen/lora/ankh/lm_only/seed_33/config.json
lora,ankh,lm_only,44,0.7597633136094675,0.2710773963516208,0.5594405594405595,0.25,0.1968178976110437,0.15,/home/nemophila/projects/protein_bert/LLM/runs_frozen/lora/ankh/lm_only/seed_44/metrics.json,/home/nemophila/projects/protein_bert/LLM/runs_frozen/lora/ankh/lm_only/seed_44/predictions.csv,/home/nemophila/projects/protein_bert/LLM/runs_frozen/lora/ankh/lm_only/seed_44/config.json
lora,ankh,lm_only,55,0.7226331360946746,0.1987271316958251,0.5979020979020979,0.23841059602649,0.162725238072003,0.15,/home/nemophila/projects/protein_bert/LLM/runs_frozen/lora/ankh/lm_only/seed_55/metrics.json,/home/nemophila/projects/protein_bert/LLM/runs_frozen/lora/ankh/lm_only/seed_55/predictions.csv,/home/nemophila/projects/protein_bert/LLM/runs_frozen/lora/ankh/lm_only/seed_55/config.json
lora,ankh,lm_pssm,11,0.932396449704142,0.5842970263077351,0.9090909090909092,0.5,0.45,0.3999999999999999,/home/nemophila/projects/protein_bert/LLM/runs_frozen/lora/ankh/lm_pssm/seed_11/metrics.json,/home/nemophila/projects/protein_bert/LLM/runs_frozen/lora/ankh/lm_pssm/seed_11/predictions.csv,/home/nemophila/projects/protein_bert/LLM/runs_frozen/lora/ankh/lm_pssm/seed_11/config.json
lora,ankh,lm_pssm,22,0.9261834319526628,0.5785599927002076,0.9125874125874126,0.5454545454545454,0.498165156090347,0.4499999999999999,/home/nemophila/projects/protein_bert/LLM/runs_frozen/lora/ankh/lm_pssm/seed_22/metrics.json,/home/nemophila/projects/protein_bert/LLM/runs_frozen/lora/ankh/lm_pssm/seed_22/predictions.csv,/home/nemophila/projects/protein_bert/LLM/runs_frozen/lora/ankh/lm_pssm/seed_22/config.json
lora,ankh,lm_pssm,33,0.9201183431952662,0.5957274604291293,0.9195804195804196,0.5106382978723404,0.47053333277322,0.5499999999999999,/home/nemophila/projects/protein_bert/LLM/runs_frozen/lora/ankh/lm_pssm/seed_33/metrics.json,/home/nemophila/projects/protein_bert/LLM/runs_frozen/lora/ankh/lm_pssm/seed_33/predictions.csv,/home/nemophila/projects/protein_bert/LLM/runs_frozen/lora/ankh/lm_pssm/seed_33/config.json
lora,ankh,lm_pssm,44,0.9384615384615383,0.6778289367457561,0.9370629370629372,0.6086956521739131,0.5809636795811605,0.65,/home/nemophila/projects/protein_bert/LLM/runs_frozen/lora/ankh/lm_pssm/seed_44/metrics.json,/home/nemophila/projects/protein_bert/LLM/runs_frozen/lora/ankh/lm_pssm/seed_44/predictions.csv,/home/nemophila/projects/protein_bert/LLM/runs_frozen/lora/ankh/lm_pssm/seed_44/config.json
lora,ankh,lm_pssm,55,0.9263313609467456,0.6240449389121463,0.9125874125874126,0.576271186440678,0.5329708913388167,0.35,/home/nemophila/projects/protein_bert/LLM/runs_frozen/lora/ankh/lm_pssm/seed_55/metrics.json,/home/nemophila/projects/protein_bert/LLM/runs_frozen/lora/ankh/lm_pssm/seed_55/predictions.csv,/home/nemophila/projects/protein_bert/LLM/runs_frozen/lora/ankh/lm_pssm/seed_55/config.json
lora,esm2,lm_only,11,0.9245562130177516,0.6208180578038159,0.9230769230769232,0.6333333333333333,0.5978583783161995,0.35,/home/nemophila/projects/protein_bert/LLM/runs_frozen/lora/esm2/lm_only/seed_11/metrics.json,/home/nemophila/projects/protein_bert/LLM/runs_frozen/lora/esm2/lm_only/seed_11/predictions.csv,/home/nemophila/projects/protein_bert/LLM/runs_frozen/lora/esm2/lm_only/seed_11/config.json
lora,esm2,lm_only,22,0.9392011834319526,0.7311864185995296,0.944055944055944,0.6923076923076923,0.6615384615384615,0.6,/home/nemophila/projects/protein_bert/LLM/runs_frozen/lora/esm2/lm_only/seed_22/metrics.json,/home/nemophila/projects/protein_bert/LLM/runs_frozen/lora/esm2/lm_only/seed_22/predictions.csv,/home/nemophila/projects/protein_bert/LLM/runs_frozen/lora/esm2/lm_only/seed_22/config.json
lora,esm2,lm_only,33,0.9418639053254438,0.7372827449375012,0.9370629370629372,0.6896551724137931,0.6594259015879186,0.35,/home/nemophila/projects/protein_bert/LLM/runs_frozen/lora/esm2/lm_only/seed_33/metrics.json,/home/nemophila/projects/protein_bert/LLM/runs_frozen/lora/esm2/lm_only/seed_33/predictions.csv,/home/nemophila/projects/protein_bert/LLM/runs_frozen/lora/esm2/lm_only/seed_33/config.json
lora,esm2,lm_only,44,0.9187869822485206,0.6706960443102941,0.9055944055944056,0.6197183098591549,0.5982069411922171,0.25,/home/nemophila/projects/protein_bert/LLM/runs_frozen/lora/esm2/lm_only/seed_44/metrics.json,/home/nemophila/projects/protein_bert/LLM/runs_frozen/lora/esm2/lm_only/seed_44/predictions.csv,/home/nemophila/projects/protein_bert/LLM/runs_frozen/lora/esm2/lm_only/seed_44/config.json
lora,esm2,lm_only,55,0.9252958579881656,0.6480161478283993,0.9370629370629372,0.625,0.59336610396393,0.5499999999999999,/home/nemophila/projects/protein_bert/LLM/runs_frozen/lora/esm2/lm_only/seed_55/metrics.json,/home/nemophila/projects/protein_bert/LLM/runs_frozen/lora/esm2/lm_only/seed_55/predictions.csv,/home/nemophila/projects/protein_bert/LLM/runs_frozen/lora/esm2/lm_only/seed_55/config.json
lora,esm2,lm_pssm,11,0.9538461538461538,0.6937654619598735,0.9265734265734266,0.631578947368421,0.5939714000146982,0.4499999999999999,/home/nemophila/projects/protein_bert/LLM/runs_frozen/lora/esm2/lm_pssm/seed_11/metrics.json,/home/nemophila/projects/protein_bert/LLM/runs_frozen/lora/esm2/lm_pssm/seed_11/predictions.csv,/home/nemophila/projects/protein_bert/LLM/runs_frozen/lora/esm2/lm_pssm/seed_11/config.json
lora,esm2,lm_pssm,22,0.9458579881656805,0.6991028996764287,0.9230769230769232,0.6206896551724138,0.5822590407638005,0.3,/home/nemophila/projects/protein_bert/LLM/runs_frozen/lora/esm2/lm_pssm/seed_22/metrics.json,/home/nemophila/projects/protein_bert/LLM/runs_frozen/lora/esm2/lm_pssm/seed_22/predictions.csv,/home/nemophila/projects/protein_bert/LLM/runs_frozen/lora/esm2/lm_pssm/seed_22/config.json
lora,esm2,lm_pssm,33,0.9477810650887574,0.6628007041445204,0.9230769230769232,0.65625,0.628694513393808,0.35,/home/nemophila/projects/protein_bert/LLM/runs_frozen/lora/esm2/lm_pssm/seed_33/metrics.json,/home/nemophila/projects/protein_bert/LLM/runs_frozen/lora/esm2/lm_pssm/seed_33/predictions.csv,/home/nemophila/projects/protein_bert/LLM/runs_frozen/lora/esm2/lm_pssm/seed_33/config.json
lora,esm2,lm_pssm,44,0.9576923076923076,0.720330995257178,0.9195804195804196,0.6229508196721312,0.5870544242091141,0.35,/home/nemophila/projects/protein_bert/LLM/runs_frozen/lora/esm2/lm_pssm/seed_44/metrics.json,/home/nemophila/projects/protein_bert/LLM/runs_frozen/lora/esm2/lm_pssm/seed_44/predictions.csv,/home/nemophila/projects/protein_bert/LLM/runs_frozen/lora/esm2/lm_pssm/seed_44/config.json
lora,esm2,lm_pssm,55,0.940680473372781,0.6676234457189771,0.9335664335664337,0.5777777777777777,0.5505404759787537,0.6,/home/nemophila/projects/protein_bert/LLM/runs_frozen/lora/esm2/lm_pssm/seed_55/metrics.json,/home/nemophila/projects/protein_bert/LLM/runs_frozen/lora/esm2/lm_pssm/seed_55/predictions.csv,/home/nemophila/projects/protein_bert/LLM/runs_frozen/lora/esm2/lm_pssm/seed_55/config.json
lora,protbert,lm_only,11,0.8653846153846154,0.4337022337174157,0.8776223776223776,0.4615384615384615,0.4059660957288741,0.35,/home/nemophila/projects/protein_bert/LLM/runs_frozen/lora/protbert/lm_only/seed_11/metrics.json,/home/nemophila/projects/protein_bert/LLM/runs_frozen/lora/protbert/lm_only/seed_11/predictions.csv,/home/nemophila/projects/protein_bert/LLM/runs_frozen/lora/protbert/lm_only/seed_11/config.json
lora,protbert,lm_only,22,0.8985207100591717,0.5493108495207908,0.8251748251748252,0.4565217391304347,0.4330127018922193,0.25,/home/nemophila/projects/protein_bert/LLM/runs_frozen/lora/protbert/lm_only/seed_22/metrics.json,/home/nemophila/projects/protein_bert/LLM/runs_frozen/lora/protbert/lm_only/seed_22/predictions.csv,/home/nemophila/projects/protein_bert/LLM/runs_frozen/lora/protbert/lm_only/seed_22/config.json
lora,protbert,lm_only,33,0.8979289940828403,0.5522384635581838,0.8461538461538461,0.4634146341463415,0.4263178326201449,0.3,/home/nemophila/projects/protein_bert/LLM/runs_frozen/lora/protbert/lm_only/seed_33/metrics.json,/home/nemophila/projects/protein_bert/LLM/runs_frozen/lora/protbert/lm_only/seed_33/predictions.csv,/home/nemophila/projects/protein_bert/LLM/runs_frozen/lora/protbert/lm_only/seed_33/config.json
lora,protbert,lm_only,44,0.9109467455621302,0.5492345805129552,0.8216783216783217,0.4395604395604395,0.408958164570598,0.2,/home/nemophila/projects/protein_bert/LLM/runs_frozen/lora/protbert/lm_only/seed_44/metrics.json,/home/nemophila/projects/protein_bert/LLM/runs_frozen/lora/protbert/lm_only/seed_44/predictions.csv,/home/nemophila/projects/protein_bert/LLM/runs_frozen/lora/protbert/lm_only/seed_44/config.json
lora,protbert,lm_only,55,0.8896449704142011,0.501916208631443,0.8636363636363636,0.4507042253521127,0.3977924329755352,0.3,/home/nemophila/projects/protein_bert/LLM/runs_frozen/lora/protbert/lm_only/seed_55/metrics.json,/home/nemophila/projects/protein_bert/LLM/runs_frozen/lora/protbert/lm_only/seed_55/predictions.csv,/home/nemophila/projects/protein_bert/LLM/runs_frozen/lora/protbert/lm_only/seed_55/config.json
lora,protbert,lm_pssm,11,0.9312130177514792,0.6009676766929419,0.916083916083916,0.5714285714285714,0.5268321206355335,0.3999999999999999,/home/nemophila/projects/protein_bert/LLM/runs_frozen/lora/protbert/lm_pssm/seed_11/metrics.json,/home/nemophila/projects/protein_bert/LLM/runs_frozen/lora/protbert/lm_pssm/seed_11/predictions.csv,/home/nemophila/projects/protein_bert/LLM/runs_frozen/lora/protbert/lm_pssm/seed_11/config.json
lora,protbert,lm_pssm,22,0.93594674556213,0.6046019819607102,0.8881118881118881,0.5555555555555556,0.523678460923096,0.25,/home/nemophila/projects/protein_bert/LLM/runs_frozen/lora/protbert/lm_pssm/seed_22/metrics.json,/home/nemophila/projects/protein_bert/LLM/runs_frozen/lora/protbert/lm_pssm/seed_22/predictions.csv,/home/nemophila/projects/protein_bert/LLM/runs_frozen/lora/protbert/lm_pssm/seed_22/config.json
lora,protbert,lm_pssm,33,0.9226331360946746,0.5949742011828751,0.8741258741258742,0.5263157894736842,0.4948891332786446,0.2,/home/nemophila/projects/protein_bert/LLM/runs_frozen/lora/protbert/lm_pssm/seed_33/metrics.json,/home/nemophila/projects/protein_bert/LLM/runs_frozen/lora/protbert/lm_pssm/seed_33/predictions.csv,/home/nemophila/projects/protein_bert/LLM/runs_frozen/lora/protbert/lm_pssm/seed_33/config.json
lora,protbert,lm_pssm,44,0.93698224852071,0.6501057055272229,0.902097902097902,0.5757575757575758,0.5387523225385208,0.25,/home/nemophila/projects/protein_bert/LLM/runs_frozen/lora/protbert/lm_pssm/seed_44/metrics.json,/home/nemophila/projects/protein_bert/LLM/runs_frozen/lora/protbert/lm_pssm/seed_44/predictions.csv,/home/nemophila/projects/protein_bert/LLM/runs_frozen/lora/protbert/lm_pssm/seed_44/config.json
lora,protbert,lm_pssm,55,0.9242603550295858,0.5695126520617364,0.9195804195804196,0.5490196078431373,0.505009388782645,0.3999999999999999,/home/nemophila/projects/protein_bert/LLM/runs_frozen/lora/protbert/lm_pssm/seed_55/metrics.json,/home/nemophila/projects/protein_bert/LLM/runs_frozen/lora/protbert/lm_pssm/seed_55/predictions.csv,/home/nemophila/projects/protein_bert/LLM/runs_frozen/lora/protbert/lm_pssm/seed_55/config.json
lora,prott5,lm_only,11,0.9001479289940828,0.5008944500946009,0.8916083916083916,0.5373134328358209,0.4953642741071687,0.2,/home/nemophila/projects/protein_bert/LLM/runs_frozen/lora/prott5/lm_only/seed_11/metrics.json,/home/nemophila/projects/protein_bert/LLM/runs_frozen/lora/prott5/lm_only/seed_11/predictions.csv,/home/nemophila/projects/protein_bert/LLM/runs_frozen/lora/prott5/lm_only/seed_11/config.json
lora,prott5,lm_only,22,0.9252958579881656,0.6775566026146419,0.8916083916083916,0.5633802816901409,0.5314021051199898,0.2,/home/nemophila/projects/protein_bert/LLM/runs_frozen/lora/prott5/lm_only/seed_22/metrics.json,/home/nemophila/projects/protein_bert/LLM/runs_frozen/lora/prott5/lm_only/seed_22/predictions.csv,/home/nemophila/projects/protein_bert/LLM/runs_frozen/lora/prott5/lm_only/seed_22/config.json
lora,prott5,lm_only,33,0.8985207100591717,0.6035207989289494,0.916083916083916,0.5714285714285714,0.5268321206355335,0.4499999999999999,/home/nemophila/projects/protein_bert/LLM/runs_frozen/lora/prott5/lm_only/seed_33/metrics.json,/home/nemophila/projects/protein_bert/LLM/runs_frozen/lora/prott5/lm_only/seed_33/predictions.csv,/home/nemophila/projects/protein_bert/LLM/runs_frozen/lora/prott5/lm_only/seed_33/config.json
lora,prott5,lm_only,44,0.8934911242603549,0.5289971269681198,0.8426573426573427,0.4943820224719101,0.4775626184318174,0.15,/home/nemophila/projects/protein_bert/LLM/runs_frozen/lora/prott5/lm_only/seed_44/metrics.json,/home/nemophila/projects/protein_bert/LLM/runs_frozen/lora/prott5/lm_only/seed_44/predictions.csv,/home/nemophila/projects/protein_bert/LLM/runs_frozen/lora/prott5/lm_only/seed_44/config.json
lora,prott5,lm_only,55,0.8921597633136095,0.6298795759707764,0.8356643356643356,0.4470588235294118,0.4098758446397085,0.15,/home/nemophila/projects/protein_bert/LLM/runs_frozen/lora/prott5/lm_only/seed_55/metrics.json,/home/nemophila/projects/protein_bert/LLM/runs_frozen/lora/prott5/lm_only/seed_55/predictions.csv,/home/nemophila/projects/protein_bert/LLM/runs_frozen/lora/prott5/lm_only/seed_55/config.json
lora,prott5,lm_pssm,11,0.9344674556213016,0.6100927791457094,0.916083916083916,0.5384615384615384,0.4923076923076923,0.4499999999999999,/home/nemophila/projects/protein_bert/LLM/runs_frozen/lora/prott5/lm_pssm/seed_11/metrics.json,/home/nemophila/projects/protein_bert/LLM/runs_frozen/lora/prott5/lm_pssm/seed_11/predictions.csv,/home/nemophila/projects/protein_bert/LLM/runs_frozen/lora/prott5/lm_pssm/seed_11/config.json
lora,prott5,lm_pssm,22,0.9341715976331362,0.6232279669737446,0.9195804195804196,0.5490196078431373,0.505009388782645,0.4999999999999999,/home/nemophila/projects/protein_bert/LLM/runs_frozen/lora/prott5/lm_pssm/seed_22/metrics.json,/home/nemophila/projects/protein_bert/LLM/runs_frozen/lora/prott5/lm_pssm/seed_22/predictions.csv,/home/nemophila/projects/protein_bert/LLM/runs_frozen/lora/prott5/lm_pssm/seed_22/config.json
lora,prott5,lm_pssm,33,0.9325443786982248,0.6057077235554326,0.8986013986013986,0.5538461538461539,0.5122905493721507,0.35,/home/nemophila/projects/protein_bert/LLM/runs_frozen/lora/prott5/lm_pssm/seed_33/metrics.json,/home/nemophila/projects/protein_bert/LLM/runs_frozen/lora/prott5/lm_pssm/seed_33/predictions.csv,/home/nemophila/projects/protein_bert/LLM/runs_frozen/lora/prott5/lm_pssm/seed_33/config.json
lora,prott5,lm_pssm,44,0.936242603550296,0.673554060110189,0.9090909090909092,0.5806451612903226,0.54,0.3,/home/nemophila/projects/protein_bert/LLM/runs_frozen/lora/prott5/lm_pssm/seed_44/metrics.json,/home/nemophila/projects/protein_bert/LLM/runs_frozen/lora/prott5/lm_pssm/seed_44/predictions.csv,/home/nemophila/projects/protein_bert/LLM/runs_frozen/lora/prott5/lm_pssm/seed_44/config.json
lora,prott5,lm_pssm,55,0.9297337278106508,0.6326210997452723,0.9230769230769232,0.5925925925925926,0.5506464538749029,0.4499999999999999,/home/nemophila/projects/protein_bert/LLM/runs_frozen/lora/prott5/lm_pssm/seed_55/metrics.json,/home/nemophila/projects/protein_bert/LLM/runs_frozen/lora/prott5/lm_pssm/seed_55/predictions.csv,/home/nemophila/projects/protein_bert/LLM/runs_frozen/lora/prott5/lm_pssm/seed_55/config.json
