adapter_type,model,seed,adapter_variant,feature_variant,AUC,AUPRC,ACC,F1,MCC,Threshold,metrics_path,predictions_path,config_path
dora,ankh,11,lm_only,lm_pssm,0.9325443786982248,0.5844937605198145,0.9090909090909092,0.5,0.45,0.3999999999999999,/home/nemophila/projects/protein_bert/LLM/runs_frozen_cross_variant/dora/ankh/adapter_lm_only__feature_lm_pssm/seed_11/metrics.json,/home/nemophila/projects/protein_bert/LLM/runs_frozen_cross_variant/dora/ankh/adapter_lm_only__feature_lm_pssm/seed_11/predictions.csv,/home/nemophila/projects/protein_bert/LLM/runs_frozen_cross_variant/dora/ankh/adapter_lm_only__feature_lm_pssm/seed_11/config.json
dora,ankh,22,lm_only,lm_pssm,0.9264792899408284,0.578792248367246,0.9125874125874126,0.5454545454545454,0.498165156090347,0.4499999999999999,/home/nemophila/projects/protein_bert/LLM/runs_frozen_cross_variant/dora/ankh/adapter_lm_only__feature_lm_pssm/seed_22/metrics.json,/home/nemophila/projects/protein_bert/LLM/runs_frozen_cross_variant/dora/ankh/adapter_lm_only__feature_lm_pssm/seed_22/predictions.csv,/home/nemophila/projects/protein_bert/LLM/runs_frozen_cross_variant/dora/ankh/adapter_lm_only__feature_lm_pssm/seed_22/config.json
dora,ankh,33,lm_only,lm_pssm,0.9201183431952662,0.5954132080957548,0.9195804195804196,0.5106382978723404,0.47053333277322,0.5499999999999999,/home/nemophila/projects/protein_bert/LLM/runs_frozen_cross_variant/dora/ankh/adapter_lm_only__feature_lm_pssm/seed_33/metrics.json,/home/nemophila/projects/protein_bert/LLM/runs_frozen_cross_variant/dora/ankh/adapter_lm_only__feature_lm_pssm/seed_33/predictions.csv,/home/nemophila/projects/protein_bert/LLM/runs_frozen_cross_variant/dora/ankh/adapter_lm_only__feature_lm_pssm/seed_33/config.json
dora,ankh,44,lm_only,lm_pssm,0.9383136094674556,0.6777664445572796,0.9370629370629372,0.6086956521739131,0.5809636795811605,0.65,/home/nemophila/projects/protein_bert/LLM/runs_frozen_cross_variant/dora/ankh/adapter_lm_only__feature_lm_pssm/seed_44/metrics.json,/home/nemophila/projects/protein_bert/LLM/runs_frozen_cross_variant/dora/ankh/adapter_lm_only__feature_lm_pssm/seed_44/predictions.csv,/home/nemophila/projects/protein_bert/LLM/runs_frozen_cross_variant/dora/ankh/adapter_lm_only__feature_lm_pssm/seed_44/config.json
dora,ankh,55,lm_only,lm_pssm,0.92603550295858,0.6236409311551974,0.9125874125874126,0.576271186440678,0.5329708913388167,0.35,/home/nemophila/projects/protein_bert/LLM/runs_frozen_cross_variant/dora/ankh/adapter_lm_only__feature_lm_pssm/seed_55/metrics.json,/home/nemophila/projects/protein_bert/LLM/runs_frozen_cross_variant/dora/ankh/adapter_lm_only__feature_lm_pssm/seed_55/predictions.csv,/home/nemophila/projects/protein_bert/LLM/runs_frozen_cross_variant/dora/ankh/adapter_lm_only__feature_lm_pssm/seed_55/config.json
dora,ankh,11,lm_pssm,lm_only,0.8279585798816568,0.3978308848212121,0.8776223776223776,0.4067796610169492,0.3426241444320964,0.35,/home/nemophila/projects/protein_bert/LLM/runs_frozen_cross_variant/dora/ankh/adapter_lm_pssm__feature_lm_only/seed_11/metrics.json,/home/nemophila/projects/protein_bert/LLM/runs_frozen_cross_variant/dora/ankh/adapter_lm_pssm__feature_lm_only/seed_11/predictions.csv,/home/nemophila/projects/protein_bert/LLM/runs_frozen_cross_variant/dora/ankh/adapter_lm_pssm__feature_lm_only/seed_11/config.json
dora,ankh,22,lm_pssm,lm_only,0.7795857988165681,0.3190413272526499,0.8356643356643356,0.3561643835616438,0.286433199133934,0.3,/home/nemophila/projects/protein_bert/LLM/runs_frozen_cross_variant/dora/ankh/adapter_lm_pssm__feature_lm_only/seed_22/metrics.json,/home/nemophila/projects/protein_bert/LLM/runs_frozen_cross_variant/dora/ankh/adapter_lm_pssm__feature_lm_only/seed_22/predictions.csv,/home/nemophila/projects/protein_bert/LLM/runs_frozen_cross_variant/dora/ankh/adapter_lm_pssm__feature_lm_only/seed_22/config.json
dora,ankh,33,lm_pssm,lm_only,0.7951183431952663,0.2905543148187575,0.8076923076923077,0.3820224719101123,0.3308255010365662,0.25,/home/nemophila/projects/protein_bert/LLM/runs_frozen_cross_variant/dora/ankh/adapter_lm_pssm__feature_lm_only/seed_33/metrics.json,/home/nemophila/projects/protein_bert/LLM/runs_frozen_cross_variant/dora/ankh/adapter_lm_pssm__feature_lm_only/seed_33/predictions.csv,/home/nemophila/projects/protein_bert/LLM/runs_frozen_cross_variant/dora/ankh/adapter_lm_pssm__feature_lm_only/seed_33/config.json
dora,ankh,44,lm_pssm,lm_only,0.7664201183431952,0.2690183891608305,0.5244755244755245,0.2608695652173913,0.2357069221820966,0.15,/home/nemophila/projects/protein_bert/LLM/runs_frozen_cross_variant/dora/ankh/adapter_lm_pssm__feature_lm_only/seed_44/metrics.json,/home/nemophila/projects/protein_bert/LLM/runs_frozen_cross_variant/dora/ankh/adapter_lm_pssm__feature_lm_only/seed_44/predictions.csv,/home/nemophila/projects/protein_bert/LLM/runs_frozen_cross_variant/dora/ankh/adapter_lm_pssm__feature_lm_only/seed_44/config.json
dora,ankh,55,lm_pssm,lm_only,0.7937869822485206,0.3026870438032821,0.5769230769230769,0.2666666666666666,0.2278616076696379,0.15,/home/nemophila/projects/protein_bert/LLM/runs_frozen_cross_variant/dora/ankh/adapter_lm_pssm__feature_lm_only/seed_55/metrics.json,/home/nemophila/projects/protein_bert/LLM/runs_frozen_cross_variant/dora/ankh/adapter_lm_pssm__feature_lm_only/seed_55/predictions.csv,/home/nemophila/projects/protein_bert/LLM/runs_frozen_cross_variant/dora/ankh/adapter_lm_pssm__feature_lm_only/seed_55/config.json
dora,esm2,11,lm_only,lm_pssm,0.9329881656804732,0.602502961728812,0.9195804195804196,0.5490196078431373,0.505009388782645,0.3999999999999999,/home/nemophila/projects/protein_bert/LLM/runs_frozen_cross_variant/dora/esm2/adapter_lm_only__feature_lm_pssm/seed_11/metrics.json,/home/nemophila/projects/protein_bert/LLM/runs_frozen_cross_variant/dora/esm2/adapter_lm_only__feature_lm_pssm/seed_11/predictions.csv,/home/nemophila/projects/protein_bert/LLM/runs_frozen_cross_variant/dora/esm2/adapter_lm_only__feature_lm_pssm/seed_11/config.json
dora,esm2,22,lm_only,lm_pssm,0.931360946745562,0.6115673365846147,0.8986013986013986,0.5538461538461539,0.5122905493721507,0.25,/home/nemophila/projects/protein_bert/LLM/runs_frozen_cross_variant/dora/esm2/adapter_lm_only__feature_lm_pssm/seed_22/metrics.json,/home/nemophila/projects/protein_bert/LLM/runs_frozen_cross_variant/dora/esm2/adapter_lm_only__feature_lm_pssm/seed_22/predictions.csv,/home/nemophila/projects/protein_bert/LLM/runs_frozen_cross_variant/dora/esm2/adapter_lm_only__feature_lm_pssm/seed_22/config.json
dora,esm2,33,lm_only,lm_pssm,0.9508875739644972,0.670636241136204,0.9230769230769232,0.5769230769230769,0.5346153846153846,0.4499999999999999,/home/nemophila/projects/protein_bert/LLM/runs_frozen_cross_variant/dora/esm2/adapter_lm_only__feature_lm_pssm/seed_33/metrics.json,/home/nemophila/projects/protein_bert/LLM/runs_frozen_cross_variant/dora/esm2/adapter_lm_only__feature_lm_pssm/seed_33/predictions.csv,/home/nemophila/projects/protein_bert/LLM/runs_frozen_cross_variant/dora/esm2/adapter_lm_only__feature_lm_pssm/seed_33/config.json
dora,esm2,44,lm_only,lm_pssm,0.9637573964497042,0.6968193503963253,0.9195804195804196,0.6567164179104478,0.6341924783155473,0.25,/home/nemophila/projects/protein_bert/LLM/runs_frozen_cross_variant/dora/esm2/adapter_lm_only__feature_lm_pssm/seed_44/metrics.json,/home/nemophila/projects/protein_bert/LLM/runs_frozen_cross_variant/dora/esm2/adapter_lm_only__feature_lm_pssm/seed_44/predictions.csv,/home/nemophila/projects/protein_bert/LLM/runs_frozen_cross_variant/dora/esm2/adapter_lm_only__feature_lm_pssm/seed_44/config.json
dora,esm2,55,lm_only,lm_pssm,0.9357988165680472,0.6294699739525841,0.9265734265734266,0.5714285714285714,0.5326347576796358,0.4499999999999999,/home/nemophila/projects/protein_bert/LLM/runs_frozen_cross_variant/dora/esm2/adapter_lm_only__feature_lm_pssm/seed_55/metrics.json,/home/nemophila/projects/protein_bert/LLM/runs_frozen_cross_variant/dora/esm2/adapter_lm_only__feature_lm_pssm/seed_55/predictions.csv,/home/nemophila/projects/protein_bert/LLM/runs_frozen_cross_variant/dora/esm2/adapter_lm_only__feature_lm_pssm/seed_55/config.json
dora,esm2,11,lm_pssm,lm_only,0.9205621301775148,0.6958343282719543,0.9405594405594404,0.6222222222222222,0.599378744009127,0.7,/home/nemophila/projects/protein_bert/LLM/runs_frozen_cross_variant/dora/esm2/adapter_lm_pssm__feature_lm_only/seed_11/metrics.json,/home/nemophila/projects/protein_bert/LLM/runs_frozen_cross_variant/dora/esm2/adapter_lm_pssm__feature_lm_only/seed_11/predictions.csv,/home/nemophila/projects/protein_bert/LLM/runs_frozen_cross_variant/dora/esm2/adapter_lm_pssm__feature_lm_only/seed_11/config.json
dora,esm2,22,lm_pssm,lm_only,0.8683431952662722,0.6022219688289584,0.8951048951048951,0.5714285714285714,0.5393598899705936,0.15,/home/nemophila/projects/protein_bert/LLM/runs_frozen_cross_variant/dora/esm2/adapter_lm_pssm__feature_lm_only/seed_22/metrics.json,/home/nemophila/projects/protein_bert/LLM/runs_frozen_cross_variant/dora/esm2/adapter_lm_pssm__feature_lm_only/seed_22/predictions.csv,/home/nemophila/projects/protein_bert/LLM/runs_frozen_cross_variant/dora/esm2/adapter_lm_pssm__feature_lm_only/seed_22/config.json
dora,esm2,33,lm_pssm,lm_only,0.9281065088757396,0.6899501440370084,0.9195804195804196,0.6461538461538462,0.6186150030154273,0.3,/home/nemophila/projects/protein_bert/LLM/runs_frozen_cross_variant/dora/esm2/adapter_lm_pssm__feature_lm_only/seed_33/metrics.json,/home/nemophila/projects/protein_bert/LLM/runs_frozen_cross_variant/dora/esm2/adapter_lm_pssm__feature_lm_only/seed_33/predictions.csv,/home/nemophila/projects/protein_bert/LLM/runs_frozen_cross_variant/dora/esm2/adapter_lm_pssm__feature_lm_only/seed_33/config.json
dora,esm2,44,lm_pssm,lm_only,0.9207100591715977,0.7270583880677177,0.8741258741258742,0.5609756097560976,0.5489190393867225,0.15,/home/nemophila/projects/protein_bert/LLM/runs_frozen_cross_variant/dora/esm2/adapter_lm_pssm__feature_lm_only/seed_44/metrics.json,/home/nemophila/projects/protein_bert/LLM/runs_frozen_cross_variant/dora/esm2/adapter_lm_pssm__feature_lm_only/seed_44/predictions.csv,/home/nemophila/projects/protein_bert/LLM/runs_frozen_cross_variant/dora/esm2/adapter_lm_pssm__feature_lm_only/seed_44/config.json
dora,esm2,55,lm_pssm,lm_only,0.8866863905325443,0.7001742263510077,0.9125874125874126,0.6153846153846154,0.5831735184676684,0.3999999999999999,/home/nemophila/projects/protein_bert/LLM/runs_frozen_cross_variant/dora/esm2/adapter_lm_pssm__feature_lm_only/seed_55/metrics.json,/home/nemophila/projects/protein_bert/LLM/runs_frozen_cross_variant/dora/esm2/adapter_lm_pssm__feature_lm_only/seed_55/predictions.csv,/home/nemophila/projects/protein_bert/LLM/runs_frozen_cross_variant/dora/esm2/adapter_lm_pssm__feature_lm_only/seed_55/config.json
dora,protbert,11,lm_only,lm_pssm,0.9328402366863904,0.6007330475856738,0.9055944055944056,0.5263157894736842,0.4765998059998177,0.3999999999999999,/home/nemophila/projects/protein_bert/LLM/runs_frozen_cross_variant/dora/protbert/adapter_lm_only__feature_lm_pssm/seed_11/metrics.json,/home/nemophila/projects/protein_bert/LLM/runs_frozen_cross_variant/dora/protbert/adapter_lm_only__feature_lm_pssm/seed_11/predictions.csv,/home/nemophila/projects/protein_bert/LLM/runs_frozen_cross_variant/dora/protbert/adapter_lm_only__feature_lm_pssm/seed_11/config.json
dora,protbert,22,lm_only,lm_pssm,0.9374260355029586,0.6045297453432453,0.916083916083916,0.5384615384615384,0.4923076923076923,0.4499999999999999,/home/nemophila/projects/protein_bert/LLM/runs_frozen_cross_variant/dora/protbert/adapter_lm_only__feature_lm_pssm/seed_22/metrics.json,/home/nemophila/projects/protein_bert/LLM/runs_frozen_cross_variant/dora/protbert/adapter_lm_only__feature_lm_pssm/seed_22/predictions.csv,/home/nemophila/projects/protein_bert/LLM/runs_frozen_cross_variant/dora/protbert/adapter_lm_only__feature_lm_pssm/seed_22/config.json
dora,protbert,33,lm_only,lm_pssm,0.9217455621301774,0.594178011309434,0.8671328671328671,0.5128205128205128,0.481614641307647,0.2,/home/nemophila/projects/protein_bert/LLM/runs_frozen_cross_variant/dora/protbert/adapter_lm_only__feature_lm_pssm/seed_33/metrics.json,/home/nemophila/projects/protein_bert/LLM/runs_frozen_cross_variant/dora/protbert/adapter_lm_only__feature_lm_pssm/seed_33/predictions.csv,/home/nemophila/projects/protein_bert/LLM/runs_frozen_cross_variant/dora/protbert/adapter_lm_only__feature_lm_pssm/seed_33/config.json
dora,protbert,44,lm_only,lm_pssm,0.9357988165680472,0.6586216420040136,0.9265734265734266,0.6181818181818182,0.5787506960461385,0.4499999999999999,/home/nemophila/projects/protein_bert/LLM/runs_frozen_cross_variant/dora/protbert/adapter_lm_only__feature_lm_pssm/seed_44/metrics.json,/home/nemophila/projects/protein_bert/LLM/runs_frozen_cross_variant/dora/protbert/adapter_lm_only__feature_lm_pssm/seed_44/predictions.csv,/home/nemophila/projects/protein_bert/LLM/runs_frozen_cross_variant/dora/protbert/adapter_lm_only__feature_lm_pssm/seed_44/config.json
dora,protbert,55,lm_only,lm_pssm,0.9258875739644972,0.5774724925558271,0.9195804195804196,0.5490196078431373,0.505009388782645,0.3999999999999999,/home/nemophila/projects/protein_bert/LLM/runs_frozen_cross_variant/dora/protbert/adapter_lm_only__feature_lm_pssm/seed_55/metrics.json,/home/nemophila/projects/protein_bert/LLM/runs_frozen_cross_variant/dora/protbert/adapter_lm_only__feature_lm_pssm/seed_55/predictions.csv,/home/nemophila/projects/protein_bert/LLM/runs_frozen_cross_variant/dora/protbert/adapter_lm_only__feature_lm_pssm/seed_55/config.json
dora,protbert,11,lm_pssm,lm_only,0.8928994082840237,0.5035761395348912,0.8461538461538461,0.4634146341463415,0.4263178326201449,0.25,/home/nemophila/projects/protein_bert/LLM/runs_frozen_cross_variant/dora/protbert/adapter_lm_pssm__feature_lm_only/seed_11/metrics.json,/home/nemophila/projects/protein_bert/LLM/runs_frozen_cross_variant/dora/protbert/adapter_lm_pssm__feature_lm_only/seed_11/predictions.csv,/home/nemophila/projects/protein_bert/LLM/runs_frozen_cross_variant/dora/protbert/adapter_lm_pssm__feature_lm_only/seed_11/config.json
dora,protbert,22,lm_pssm,lm_only,0.8926035502958579,0.4445875922111061,0.8566433566433567,0.4675324675324675,0.4246179170375841,0.35,/home/nemophila/projects/protein_bert/LLM/runs_frozen_cross_variant/dora/protbert/adapter_lm_pssm__feature_lm_only/seed_22/metrics.json,/home/nemophila/projects/protein_bert/LLM/runs_frozen_cross_variant/dora/protbert/adapter_lm_pssm__feature_lm_only/seed_22/predictions.csv,/home/nemophila/projects/protein_bert/LLM/runs_frozen_cross_variant/dora/protbert/adapter_lm_pssm__feature_lm_only/seed_22/config.json
dora,protbert,33,lm_pssm,lm_only,0.8838757396449705,0.5441981719525237,0.8461538461538461,0.45,0.4068381021724862,0.35,/home/nemophila/projects/protein_bert/LLM/runs_frozen_cross_variant/dora/protbert/adapter_lm_pssm__feature_lm_only/seed_33/metrics.json,/home/nemophila/projects/protein_bert/LLM/runs_frozen_cross_variant/dora/protbert/adapter_lm_pssm__feature_lm_only/seed_33/predictions.csv,/home/nemophila/projects/protein_bert/LLM/runs_frozen_cross_variant/dora/protbert/adapter_lm_pssm__feature_lm_only/seed_33/config.json
dora,protbert,44,lm_pssm,lm_only,0.8939349112426036,0.4617461817954115,0.8216783216783217,0.4395604395604395,0.408958164570598,0.2,/home/nemophila/projects/protein_bert/LLM/runs_frozen_cross_variant/dora/protbert/adapter_lm_pssm__feature_lm_only/seed_44/metrics.json,/home/nemophila/projects/protein_bert/LLM/runs_frozen_cross_variant/dora/protbert/adapter_lm_pssm__feature_lm_only/seed_44/predictions.csv,/home/nemophila/projects/protein_bert/LLM/runs_frozen_cross_variant/dora/protbert/adapter_lm_pssm__feature_lm_only/seed_44/config.json
dora,protbert,55,lm_pssm,lm_only,0.9041420118343196,0.6182678053649912,0.8776223776223776,0.4927536231884058,0.4454768371117636,0.35,/home/nemophila/projects/protein_bert/LLM/runs_frozen_cross_variant/dora/protbert/adapter_lm_pssm__feature_lm_only/seed_55/metrics.json,/home/nemophila/projects/protein_bert/LLM/runs_frozen_cross_variant/dora/protbert/adapter_lm_pssm__feature_lm_only/seed_55/predictions.csv,/home/nemophila/projects/protein_bert/LLM/runs_frozen_cross_variant/dora/protbert/adapter_lm_pssm__feature_lm_only/seed_55/config.json
dora,prott5,11,lm_only,lm_pssm,0.9396449704142013,0.6335275819625356,0.9055944055944056,0.5573770491803278,0.5128291521826744,0.35,/home/nemophila/projects/protein_bert/LLM/runs_frozen_cross_variant/dora/prott5/adapter_lm_only__feature_lm_pssm/seed_11/metrics.json,/home/nemophila/projects/protein_bert/LLM/runs_frozen_cross_variant/dora/prott5/adapter_lm_only__feature_lm_pssm/seed_11/predictions.csv,/home/nemophila/projects/protein_bert/LLM/runs_frozen_cross_variant/dora/prott5/adapter_lm_only__feature_lm_pssm/seed_11/config.json
dora,prott5,22,lm_only,lm_pssm,0.9371301775147928,0.6356994567871986,0.9195804195804196,0.5660377358490566,0.5218519639988646,0.4499999999999999,/home/nemophila/projects/protein_bert/LLM/runs_frozen_cross_variant/dora/prott5/adapter_lm_only__feature_lm_pssm/seed_22/metrics.json,/home/nemophila/projects/protein_bert/LLM/runs_frozen_cross_variant/dora/prott5/adapter_lm_only__feature_lm_pssm/seed_22/predictions.csv,/home/nemophila/projects/protein_bert/LLM/runs_frozen_cross_variant/dora/prott5/adapter_lm_only__feature_lm_pssm/seed_22/config.json
dora,prott5,33,lm_only,lm_pssm,0.9285502958579884,0.6014864333444612,0.93006993006993,0.375,0.4629100498862757,0.75,/home/nemophila/projects/protein_bert/LLM/runs_frozen_cross_variant/dora/prott5/adapter_lm_only__feature_lm_pssm/seed_33/metrics.json,/home/nemophila/projects/protein_bert/LLM/runs_frozen_cross_variant/dora/prott5/adapter_lm_only__feature_lm_pssm/seed_33/predictions.csv,/home/nemophila/projects/protein_bert/LLM/runs_frozen_cross_variant/dora/prott5/adapter_lm_only__feature_lm_pssm/seed_33/config.json
dora,prott5,44,lm_only,lm_pssm,0.9344674556213016,0.6689009403954973,0.9090909090909092,0.5806451612903226,0.54,0.3,/home/nemophila/projects/protein_bert/LLM/runs_frozen_cross_variant/dora/prott5/adapter_lm_only__feature_lm_pssm/seed_44/metrics.json,/home/nemophila/projects/protein_bert/LLM/runs_frozen_cross_variant/dora/prott5/adapter_lm_only__feature_lm_pssm/seed_44/predictions.csv,/home/nemophila/projects/protein_bert/LLM/runs_frozen_cross_variant/dora/prott5/adapter_lm_only__feature_lm_pssm/seed_44/config.json
dora,prott5,55,lm_only,lm_pssm,0.9298816568047336,0.6357081916302922,0.9195804195804196,0.5818181818181818,0.5384579260682427,0.4499999999999999,/home/nemophila/projects/protein_bert/LLM/runs_frozen_cross_variant/dora/prott5/adapter_lm_only__feature_lm_pssm/seed_55/metrics.json,/home/nemophila/projects/protein_bert/LLM/runs_frozen_cross_variant/dora/prott5/adapter_lm_only__feature_lm_pssm/seed_55/predictions.csv,/home/nemophila/projects/protein_bert/LLM/runs_frozen_cross_variant/dora/prott5/adapter_lm_only__feature_lm_pssm/seed_55/config.json
dora,prott5,11,lm_pssm,lm_only,0.9032544378698224,0.6005320255981776,0.8916083916083916,0.5507246376811594,0.5135357983371719,0.2,/home/nemophila/projects/protein_bert/LLM/runs_frozen_cross_variant/dora/prott5/adapter_lm_pssm__feature_lm_only/seed_11/metrics.json,/home/nemophila/projects/protein_bert/LLM/runs_frozen_cross_variant/dora/prott5/adapter_lm_pssm__feature_lm_only/seed_11/predictions.csv,/home/nemophila/projects/protein_bert/LLM/runs_frozen_cross_variant/dora/prott5/adapter_lm_pssm__feature_lm_only/seed_11/config.json
dora,prott5,22,lm_pssm,lm_only,0.8923076923076924,0.5470582270040321,0.9195804195804196,0.5818181818181818,0.5384579260682427,0.5499999999999999,/home/nemophila/projects/protein_bert/LLM/runs_frozen_cross_variant/dora/prott5/adapter_lm_pssm__feature_lm_only/seed_22/metrics.json,/home/nemophila/projects/protein_bert/LLM/runs_frozen_cross_variant/dora/prott5/adapter_lm_pssm__feature_lm_only/seed_22/predictions.csv,/home/nemophila/projects/protein_bert/LLM/runs_frozen_cross_variant/dora/prott5/adapter_lm_pssm__feature_lm_only/seed_22/config.json
dora,prott5,33,lm_pssm,lm_only,0.9062130177514792,0.519528062293234,0.9090909090909092,0.5357142857142857,0.4871392896287467,0.4999999999999999,/home/nemophila/projects/protein_bert/LLM/runs_frozen_cross_variant/dora/prott5/adapter_lm_pssm__feature_lm_only/seed_33/metrics.json,/home/nemophila/projects/protein_bert/LLM/runs_frozen_cross_variant/dora/prott5/adapter_lm_pssm__feature_lm_only/seed_33/predictions.csv,/home/nemophila/projects/protein_bert/LLM/runs_frozen_cross_variant/dora/prott5/adapter_lm_pssm__feature_lm_only/seed_33/config.json
dora,prott5,44,lm_pssm,lm_only,0.837130177514793,0.3992451225252327,0.8916083916083916,0.5230769230769231,0.4768490648243918,0.4499999999999999,/home/nemophila/projects/protein_bert/LLM/runs_frozen_cross_variant/dora/prott5/adapter_lm_pssm__feature_lm_only/seed_44/metrics.json,/home/nemophila/projects/protein_bert/LLM/runs_frozen_cross_variant/dora/prott5/adapter_lm_pssm__feature_lm_only/seed_44/predictions.csv,/home/nemophila/projects/protein_bert/LLM/runs_frozen_cross_variant/dora/prott5/adapter_lm_pssm__feature_lm_only/seed_44/config.json
dora,prott5,55,lm_pssm,lm_only,0.8988165680473372,0.5901867888456374,0.9125874125874126,0.5283018867924528,0.4802550683177957,0.6,/home/nemophila/projects/protein_bert/LLM/runs_frozen_cross_variant/dora/prott5/adapter_lm_pssm__feature_lm_only/seed_55/metrics.json,/home/nemophila/projects/protein_bert/LLM/runs_frozen_cross_variant/dora/prott5/adapter_lm_pssm__feature_lm_only/seed_55/predictions.csv,/home/nemophila/projects/protein_bert/LLM/runs_frozen_cross_variant/dora/prott5/adapter_lm_pssm__feature_lm_only/seed_55/config.json
lora,ankh,11,lm_only,lm_only,0.7930473372781065,0.2987801357793643,0.8426573426573427,0.3835616438356164,0.3192536698680305,0.3,/home/nemophila/projects/protein_bert/LLM/runs_frozen_cross_variant/lora/ankh/adapter_lm_only__feature_lm_only/seed_11/metrics.json,/home/nemophila/projects/protein_bert/LLM/runs_frozen_cross_variant/lora/ankh/adapter_lm_only__feature_lm_only/seed_11/predictions.csv,/home/nemophila/projects/protein_bert/LLM/runs_frozen_cross_variant/lora/ankh/adapter_lm_only__feature_lm_only/seed_11/config.json
lora,ankh,22,lm_only,lm_only,0.7843195266272189,0.2491657411961002,0.6783216783216783,0.2923076923076923,0.241344238423291,0.15,/home/nemophila/projects/protein_bert/LLM/runs_frozen_cross_variant/lora/ankh/adapter_lm_only__feature_lm_only/seed_22/metrics.json,/home/nemophila/projects/protein_bert/LLM/runs_frozen_cross_variant/lora/ankh/adapter_lm_only__feature_lm_only/seed_22/predictions.csv,/home/nemophila/projects/protein_bert/LLM/runs_frozen_cross_variant/lora/ankh/adapter_lm_only__feature_lm_only/seed_22/config.json
lora,ankh,33,lm_only,lm_only,0.7893491124260356,0.2931539226247135,0.7237762237762237,0.3130434782608696,0.2603145130350712,0.2,/home/nemophila/projects/protein_bert/LLM/runs_frozen_cross_variant/lora/ankh/adapter_lm_only__feature_lm_only/seed_33/metrics.json,/home/nemophila/projects/protein_bert/LLM/runs_frozen_cross_variant/lora/ankh/adapter_lm_only__feature_lm_only/seed_33/predictions.csv,/home/nemophila/projects/protein_bert/LLM/runs_frozen_cross_variant/lora/ankh/adapter_lm_only__feature_lm_only/seed_33/config.json
lora,ankh,44,lm_only,lm_only,0.7597633136094675,0.2710773963516208,0.5594405594405595,0.25,0.1968178976110437,0.15,/home/nemophila/projects/protein_bert/LLM/runs_frozen_cross_variant/lora/ankh/adapter_lm_only__feature_lm_only/seed_44/metrics.json,/home/nemophila/projects/protein_bert/LLM/runs_frozen_cross_variant/lora/ankh/adapter_lm_only__feature_lm_only/seed_44/predictions.csv,/home/nemophila/projects/protein_bert/LLM/runs_frozen_cross_variant/lora/ankh/adapter_lm_only__feature_lm_only/seed_44/config.json
lora,ankh,55,lm_only,lm_only,0.7226331360946746,0.1987271316958251,0.5979020979020979,0.23841059602649,0.162725238072003,0.15,/home/nemophila/projects/protein_bert/LLM/runs_frozen_cross_variant/lora/ankh/adapter_lm_only__feature_lm_only/seed_55/metrics.json,/home/nemophila/projects/protein_bert/LLM/runs_frozen_cross_variant/lora/ankh/adapter_lm_only__feature_lm_only/seed_55/predictions.csv,/home/nemophila/projects/protein_bert/LLM/runs_frozen_cross_variant/lora/ankh/adapter_lm_only__feature_lm_only/seed_55/config.json
lora,ankh,11,lm_only,lm_pssm,0.9289940828402368,0.5847632257076291,0.8916083916083916,0.4745762711864407,0.4187628431947846,0.35,/home/nemophila/projects/protein_bert/LLM/runs_frozen_cross_variant/lora/ankh/adapter_lm_only__feature_lm_pssm/seed_11/metrics.json,/home/nemophila/projects/protein_bert/LLM/runs_frozen_cross_variant/lora/ankh/adapter_lm_only__feature_lm_pssm/seed_11/predictions.csv,/home/nemophila/projects/protein_bert/LLM/runs_frozen_cross_variant/lora/ankh/adapter_lm_only__feature_lm_pssm/seed_11/config.json
lora,ankh,22,lm_only,lm_pssm,0.9260355029585798,0.5784476109258343,0.9125874125874126,0.5454545454545454,0.498165156090347,0.4499999999999999,/home/nemophila/projects/protein_bert/LLM/runs_frozen_cross_variant/lora/ankh/adapter_lm_only__feature_lm_pssm/seed_22/metrics.json,/home/nemophila/projects/protein_bert/LLM/runs_frozen_cross_variant/lora/ankh/adapter_lm_only__feature_lm_pssm/seed_22/predictions.csv,/home/nemophila/projects/protein_bert/LLM/runs_frozen_cross_variant/lora/ankh/adapter_lm_only__feature_lm_pssm/seed_22/config.json
lora,ankh,33,lm_only,lm_pssm,0.9201183431952662,0.5954132080957548,0.9195804195804196,0.5106382978723404,0.47053333277322,0.5499999999999999,/home/nemophila/projects/protein_bert/LLM/runs_frozen_cross_variant/lora/ankh/adapter_lm_only__feature_lm_pssm/seed_33/metrics.json,/home/nemophila/projects/protein_bert/LLM/runs_frozen_cross_variant/lora/ankh/adapter_lm_only__feature_lm_pssm/seed_33/predictions.csv,/home/nemophila/projects/protein_bert/LLM/runs_frozen_cross_variant/lora/ankh/adapter_lm_only__feature_lm_pssm/seed_33/config.json
lora,ankh,44,lm_only,lm_pssm,0.9383136094674556,0.6775184516440502,0.9370629370629372,0.6086956521739131,0.5809636795811605,0.65,/home/nemophila/projects/protein_bert/LLM/runs_frozen_cross_variant/lora/ankh/adapter_lm_only__feature_lm_pssm/seed_44/metrics.json,/home/nemophila/projects/protein_bert/LLM/runs_frozen_cross_variant/lora/ankh/adapter_lm_only__feature_lm_pssm/seed_44/predictions.csv,/home/nemophila/projects/protein_bert/LLM/runs_frozen_cross_variant/lora/ankh/adapter_lm_only__feature_lm_pssm/seed_44/config.json
lora,ankh,55,lm_only,lm_pssm,0.9263313609467456,0.6240449389121463,0.9125874125874126,0.576271186440678,0.5329708913388167,0.35,/home/nemophila/projects/protein_bert/LLM/runs_frozen_cross_variant/lora/ankh/adapter_lm_only__feature_lm_pssm/seed_55/metrics.json,/home/nemophila/projects/protein_bert/LLM/runs_frozen_cross_variant/lora/ankh/adapter_lm_only__feature_lm_pssm/seed_55/predictions.csv,/home/nemophila/projects/protein_bert/LLM/runs_frozen_cross_variant/lora/ankh/adapter_lm_only__feature_lm_pssm/seed_55/config.json
lora,ankh,11,lm_pssm,lm_only,0.7945266272189349,0.2936789182484235,0.8531468531468531,0.3823529411764705,0.3155017811782047,0.3,/home/nemophila/projects/protein_bert/LLM/runs_frozen_cross_variant/lora/ankh/adapter_lm_pssm__feature_lm_only/seed_11/metrics.json,/home/nemophila/projects/protein_bert/LLM/runs_frozen_cross_variant/lora/ankh/adapter_lm_pssm__feature_lm_only/seed_11/predictions.csv,/home/nemophila/projects/protein_bert/LLM/runs_frozen_cross_variant/lora/ankh/adapter_lm_pssm__feature_lm_only/seed_11/config.json
lora,ankh,22,lm_pssm,lm_only,0.7631656804733729,0.2470155823174945,0.8321678321678322,0.2,0.109322674892105,0.35,/home/nemophila/projects/protein_bert/LLM/runs_frozen_cross_variant/lora/ankh/adapter_lm_pssm__feature_lm_only/seed_22/metrics.json,/home/nemophila/projects/protein_bert/LLM/runs_frozen_cross_variant/lora/ankh/adapter_lm_pssm__feature_lm_only/seed_22/predictions.csv,/home/nemophila/projects/protein_bert/LLM/runs_frozen_cross_variant/lora/ankh/adapter_lm_pssm__feature_lm_only/seed_22/config.json
lora,ankh,33,lm_pssm,lm_only,0.7831360946745562,0.2529991561350855,0.6468531468531469,0.3034482758620689,0.2759137826170188,0.15,/home/nemophila/projects/protein_bert/LLM/runs_frozen_cross_variant/lora/ankh/adapter_lm_pssm__feature_lm_only/seed_33/metrics.json,/home/nemophila/projects/protein_bert/LLM/runs_frozen_cross_variant/lora/ankh/adapter_lm_pssm__feature_lm_only/seed_33/predictions.csv,/home/nemophila/projects/protein_bert/LLM/runs_frozen_cross_variant/lora/ankh/adapter_lm_pssm__feature_lm_only/seed_33/config.json
lora,ankh,44,lm_pssm,lm_only,0.7769230769230769,0.2655395710781133,0.7307692307692307,0.2803738317757009,0.2061388486730468,0.2,/home/nemophila/projects/protein_bert/LLM/runs_frozen_cross_variant/lora/ankh/adapter_lm_pssm__feature_lm_only/seed_44/metrics.json,/home/nemophila/projects/protein_bert/LLM/runs_frozen_cross_variant/lora/ankh/adapter_lm_pssm__feature_lm_only/seed_44/predictions.csv,/home/nemophila/projects/protein_bert/LLM/runs_frozen_cross_variant/lora/ankh/adapter_lm_pssm__feature_lm_only/seed_44/config.json
lora,ankh,55,lm_pssm,lm_only,0.8152366863905326,0.4019995478229765,0.7937062937062938,0.3058823529411765,0.2295304729982367,0.25,/home/nemophila/projects/protein_bert/LLM/runs_frozen_cross_variant/lora/ankh/adapter_lm_pssm__feature_lm_only/seed_55/metrics.json,/home/nemophila/projects/protein_bert/LLM/runs_frozen_cross_variant/lora/ankh/adapter_lm_pssm__feature_lm_only/seed_55/predictions.csv,/home/nemophila/projects/protein_bert/LLM/runs_frozen_cross_variant/lora/ankh/adapter_lm_pssm__feature_lm_only/seed_55/config.json
lora,ankh,11,lm_pssm,lm_pssm,0.932396449704142,0.5842970263077351,0.9090909090909092,0.5,0.45,0.3999999999999999,/home/nemophila/projects/protein_bert/LLM/runs_frozen_cross_variant/lora/ankh/adapter_lm_pssm__feature_lm_pssm/seed_11/metrics.json,/home/nemophila/projects/protein_bert/LLM/runs_frozen_cross_variant/lora/ankh/adapter_lm_pssm__feature_lm_pssm/seed_11/predictions.csv,/home/nemophila/projects/protein_bert/LLM/runs_frozen_cross_variant/lora/ankh/adapter_lm_pssm__feature_lm_pssm/seed_11/config.json
lora,ankh,22,lm_pssm,lm_pssm,0.9261834319526628,0.5785599927002076,0.9125874125874126,0.5454545454545454,0.498165156090347,0.4499999999999999,/home/nemophila/projects/protein_bert/LLM/runs_frozen_cross_variant/lora/ankh/adapter_lm_pssm__feature_lm_pssm/seed_22/metrics.json,/home/nemophila/projects/protein_bert/LLM/runs_frozen_cross_variant/lora/ankh/adapter_lm_pssm__feature_lm_pssm/seed_22/predictions.csv,/home/nemophila/projects/protein_bert/LLM/runs_frozen_cross_variant/lora/ankh/adapter_lm_pssm__feature_lm_pssm/seed_22/config.json
lora,ankh,33,lm_pssm,lm_pssm,0.9201183431952662,0.5957274604291293,0.9195804195804196,0.5106382978723404,0.47053333277322,0.5499999999999999,/home/nemophila/projects/protein_bert/LLM/runs_frozen_cross_variant/lora/ankh/adapter_lm_pssm__feature_lm_pssm/seed_33/metrics.json,/home/nemophila/projects/protein_bert/LLM/runs_frozen_cross_variant/lora/ankh/adapter_lm_pssm__feature_lm_pssm/seed_33/predictions.csv,/home/nemophila/projects/protein_bert/LLM/runs_frozen_cross_variant/lora/ankh/adapter_lm_pssm__feature_lm_pssm/seed_33/config.json
lora,ankh,44,lm_pssm,lm_pssm,0.9384615384615383,0.6778289367457561,0.9370629370629372,0.6086956521739131,0.5809636795811605,0.65,/home/nemophila/projects/protein_bert/LLM/runs_frozen_cross_variant/lora/ankh/adapter_lm_pssm__feature_lm_pssm/seed_44/metrics.json,/home/nemophila/projects/protein_bert/LLM/runs_frozen_cross_variant/lora/ankh/adapter_lm_pssm__feature_lm_pssm/seed_44/predictions.csv,/home/nemophila/projects/protein_bert/LLM/runs_frozen_cross_variant/lora/ankh/adapter_lm_pssm__feature_lm_pssm/seed_44/config.json
lora,ankh,55,lm_pssm,lm_pssm,0.9263313609467456,0.6240449389121463,0.9125874125874126,0.576271186440678,0.5329708913388167,0.35,/home/nemophila/projects/protein_bert/LLM/runs_frozen_cross_variant/lora/ankh/adapter_lm_pssm__feature_lm_pssm/seed_55/metrics.json,/home/nemophila/projects/protein_bert/LLM/runs_frozen_cross_variant/lora/ankh/adapter_lm_pssm__feature_lm_pssm/seed_55/predictions.csv,/home/nemophila/projects/protein_bert/LLM/runs_frozen_cross_variant/lora/ankh/adapter_lm_pssm__feature_lm_pssm/seed_55/config.json
lora,esm2,11,lm_only,lm_only,0.9245562130177516,0.6208180578038159,0.9230769230769232,0.6333333333333333,0.5978583783161995,0.35,/home/nemophila/projects/protein_bert/LLM/runs_frozen_cross_variant/lora/esm2/adapter_lm_only__feature_lm_only/seed_11/metrics.json,/home/nemophila/projects/protein_bert/LLM/runs_frozen_cross_variant/lora/esm2/adapter_lm_only__feature_lm_only/seed_11/predictions.csv,/home/nemophila/projects/protein_bert/LLM/runs_frozen_cross_variant/lora/esm2/adapter_lm_only__feature_lm_only/seed_11/config.json
lora,esm2,22,lm_only,lm_only,0.9392011834319526,0.7311864185995296,0.944055944055944,0.6923076923076923,0.6615384615384615,0.6,/home/nemophila/projects/protein_bert/LLM/runs_frozen_cross_variant/lora/esm2/adapter_lm_only__feature_lm_only/seed_22/metrics.json,/home/nemophila/projects/protein_bert/LLM/runs_frozen_cross_variant/lora/esm2/adapter_lm_only__feature_lm_only/seed_22/predictions.csv,/home/nemophila/projects/protein_bert/LLM/runs_frozen_cross_variant/lora/esm2/adapter_lm_only__feature_lm_only/seed_22/config.json
lora,esm2,33,lm_only,lm_only,0.9418639053254438,0.7372827449375012,0.9370629370629372,0.6896551724137931,0.6594259015879186,0.35,/home/nemophila/projects/protein_bert/LLM/runs_frozen_cross_variant/lora/esm2/adapter_lm_only__feature_lm_only/seed_33/metrics.json,/home/nemophila/projects/protein_bert/LLM/runs_frozen_cross_variant/lora/esm2/adapter_lm_only__feature_lm_only/seed_33/predictions.csv,/home/nemophila/projects/protein_bert/LLM/runs_frozen_cross_variant/lora/esm2/adapter_lm_only__feature_lm_only/seed_33/config.json
lora,esm2,44,lm_only,lm_only,0.9187869822485206,0.6706960443102941,0.9055944055944056,0.6197183098591549,0.5982069411922171,0.25,/home/nemophila/projects/protein_bert/LLM/runs_frozen_cross_variant/lora/esm2/adapter_lm_only__feature_lm_only/seed_44/metrics.json,/home/nemophila/projects/protein_bert/LLM/runs_frozen_cross_variant/lora/esm2/adapter_lm_only__feature_lm_only/seed_44/predictions.csv,/home/nemophila/projects/protein_bert/LLM/runs_frozen_cross_variant/lora/esm2/adapter_lm_only__feature_lm_only/seed_44/config.json
lora,esm2,11,lm_only,lm_pssm,0.9315088757396448,0.6002541574141055,0.8986013986013986,0.5084745762711864,0.4568321925761286,0.3,/home/nemophila/projects/protein_bert/LLM/runs_frozen_cross_variant/lora/esm2/adapter_lm_only__feature_lm_pssm/seed_11/metrics.json,/home/nemophila/projects/protein_bert/LLM/runs_frozen_cross_variant/lora/esm2/adapter_lm_only__feature_lm_pssm/seed_11/predictions.csv,/home/nemophila/projects/protein_bert/LLM/runs_frozen_cross_variant/lora/esm2/adapter_lm_only__feature_lm_pssm/seed_11/config.json
lora,esm2,22,lm_only,lm_pssm,0.9329881656804736,0.6220254872598016,0.8986013986013986,0.5538461538461539,0.5122905493721507,0.25,/home/nemophila/projects/protein_bert/LLM/runs_frozen_cross_variant/lora/esm2/adapter_lm_only__feature_lm_pssm/seed_22/metrics.json,/home/nemophila/projects/protein_bert/LLM/runs_frozen_cross_variant/lora/esm2/adapter_lm_only__feature_lm_pssm/seed_22/predictions.csv,/home/nemophila/projects/protein_bert/LLM/runs_frozen_cross_variant/lora/esm2/adapter_lm_only__feature_lm_pssm/seed_22/config.json
lora,esm2,33,lm_only,lm_pssm,0.9485207100591716,0.6680555891272025,0.9195804195804196,0.4651162790697674,0.4348929304125416,0.6,/home/nemophila/projects/protein_bert/LLM/runs_frozen_cross_variant/lora/esm2/adapter_lm_only__feature_lm_pssm/seed_33/metrics.json,/home/nemophila/projects/protein_bert/LLM/runs_frozen_cross_variant/lora/esm2/adapter_lm_only__feature_lm_pssm/seed_33/predictions.csv,/home/nemophila/projects/protein_bert/LLM/runs_frozen_cross_variant/lora/esm2/adapter_lm_only__feature_lm_pssm/seed_33/config.json
lora,esm2,44,lm_only,lm_pssm,0.9497041420118344,0.6790410159467798,0.9055944055944056,0.5846153846153846,0.5477320339199095,0.25,/home/nemophila/projects/protein_bert/LLM/runs_frozen_cross_variant/lora/esm2/adapter_lm_only__feature_lm_pssm/seed_44/metrics.json,/home/nemophila/projects/protein_bert/LLM/runs_frozen_cross_variant/lora/esm2/adapter_lm_only__feature_lm_pssm/seed_44/predictions.csv,/home/nemophila/projects/protein_bert/LLM/runs_frozen_cross_variant/lora/esm2/adapter_lm_only__feature_lm_pssm/seed_44/config.json
lora,esm2,55,lm_only,lm_pssm,0.9340236686390532,0.6363612589970055,0.9195804195804196,0.5306122448979592,0.4879097016912694,0.4499999999999999,/home/nemophila/projects/protein_bert/LLM/runs_frozen_cross_variant/lora/esm2/adapter_lm_only__feature_lm_pssm/seed_55/metrics.json,/home/nemophila/projects/protein_bert/LLM/runs_frozen_cross_variant/lora/esm2/adapter_lm_only__feature_lm_pssm/seed_55/predictions.csv,/home/nemophila/projects/protein_bert/LLM/runs_frozen_cross_variant/lora/esm2/adapter_lm_only__feature_lm_pssm/seed_55/config.json
lora,esm2,11,lm_pssm,lm_only,0.9093195266272188,0.660974724532117,0.9230769230769232,0.5416666666666666,0.5020790110464023,0.65,/home/nemophila/projects/protein_bert/LLM/runs_frozen_cross_variant/lora/esm2/adapter_lm_pssm__feature_lm_only/seed_11/metrics.json,/home/nemophila/projects/protein_bert/LLM/runs_frozen_cross_variant/lora/esm2/adapter_lm_pssm__feature_lm_only/seed_11/predictions.csv,/home/nemophila/projects/protein_bert/LLM/runs_frozen_cross_variant/lora/esm2/adapter_lm_pssm__feature_lm_only/seed_11/config.json
lora,esm2,22,lm_pssm,lm_only,0.9125739644970414,0.6621811391535153,0.902097902097902,0.5757575757575758,0.5387523225385208,0.25,/home/nemophila/projects/protein_bert/LLM/runs_frozen_cross_variant/lora/esm2/adapter_lm_pssm__feature_lm_only/seed_22/metrics.json,/home/nemophila/projects/protein_bert/LLM/runs_frozen_cross_variant/lora/esm2/adapter_lm_pssm__feature_lm_only/seed_22/predictions.csv,/home/nemophila/projects/protein_bert/LLM/runs_frozen_cross_variant/lora/esm2/adapter_lm_pssm__feature_lm_only/seed_22/config.json
lora,esm2,33,lm_pssm,lm_only,0.916568047337278,0.7226773848859974,0.9335664335664337,0.6666666666666666,0.633095264686325,0.4499999999999999,/home/nemophila/projects/protein_bert/LLM/runs_frozen_cross_variant/lora/esm2/adapter_lm_pssm__feature_lm_only/seed_33/metrics.json,/home/nemophila/projects/protein_bert/LLM/runs_frozen_cross_variant/lora/esm2/adapter_lm_pssm__feature_lm_only/seed_33/predictions.csv,/home/nemophila/projects/protein_bert/LLM/runs_frozen_cross_variant/lora/esm2/adapter_lm_pssm__feature_lm_only/seed_33/config.json
lora,esm2,44,lm_pssm,lm_only,0.919526627218935,0.6725124952356,0.9265734265734266,0.5116279069767442,0.4863318791710143,0.7999999999999999,/home/nemophila/projects/protein_bert/LLM/runs_frozen_cross_variant/lora/esm2/adapter_lm_pssm__feature_lm_only/seed_44/metrics.json,/home/nemophila/projects/protein_bert/LLM/runs_frozen_cross_variant/lora/esm2/adapter_lm_pssm__feature_lm_only/seed_44/predictions.csv,/home/nemophila/projects/protein_bert/LLM/runs_frozen_cross_variant/lora/esm2/adapter_lm_pssm__feature_lm_only/seed_44/config.json
lora,esm2,55,lm_pssm,lm_only,0.889940828402367,0.6164802325541583,0.9195804195804196,0.6101694915254238,0.5710402407201608,0.3999999999999999,/home/nemophila/projects/protein_bert/LLM/runs_frozen_cross_variant/lora/esm2/adapter_lm_pssm__feature_lm_only/seed_55/metrics.json,/home/nemophila/projects/protein_bert/LLM/runs_frozen_cross_variant/lora/esm2/adapter_lm_pssm__feature_lm_only/seed_55/predictions.csv,/home/nemophila/projects/protein_bert/LLM/runs_frozen_cross_variant/lora/esm2/adapter_lm_pssm__feature_lm_only/seed_55/config.json
lora,esm2,11,lm_pssm,lm_pssm,0.9538461538461538,0.6937654619598735,0.9265734265734266,0.631578947368421,0.5939714000146982,0.4499999999999999,/home/nemophila/projects/protein_bert/LLM/runs_frozen_cross_variant/lora/esm2/adapter_lm_pssm__feature_lm_pssm/seed_11/metrics.json,/home/nemophila/projects/protein_bert/LLM/runs_frozen_cross_variant/lora/esm2/adapter_lm_pssm__feature_lm_pssm/seed_11/predictions.csv,/home/nemophila/projects/protein_bert/LLM/runs_frozen_cross_variant/lora/esm2/adapter_lm_pssm__feature_lm_pssm/seed_11/config.json
lora,esm2,22,lm_pssm,lm_pssm,0.9458579881656805,0.6991028996764287,0.9230769230769232,0.6206896551724138,0.5822590407638005,0.3,/home/nemophila/projects/protein_bert/LLM/runs_frozen_cross_variant/lora/esm2/adapter_lm_pssm__feature_lm_pssm/seed_22/metrics.json,/home/nemophila/projects/protein_bert/LLM/runs_frozen_cross_variant/lora/esm2/adapter_lm_pssm__feature_lm_pssm/seed_22/predictions.csv,/home/nemophila/projects/protein_bert/LLM/runs_frozen_cross_variant/lora/esm2/adapter_lm_pssm__feature_lm_pssm/seed_22/config.json
lora,esm2,33,lm_pssm,lm_pssm,0.9477810650887574,0.6628007041445204,0.9230769230769232,0.65625,0.628694513393808,0.35,/home/nemophila/projects/protein_bert/LLM/runs_frozen_cross_variant/lora/esm2/adapter_lm_pssm__feature_lm_pssm/seed_33/metrics.json,/home/nemophila/projects/protein_bert/LLM/runs_frozen_cross_variant/lora/esm2/adapter_lm_pssm__feature_lm_pssm/seed_33/predictions.csv,/home/nemophila/projects/protein_bert/LLM/runs_frozen_cross_variant/lora/esm2/adapter_lm_pssm__feature_lm_pssm/seed_33/config.json
lora,protbert,11,lm_only,lm_pssm,0.9403846153846154,0.6243114092839462,0.9125874125874126,0.6031746031746031,0.5666669859085686,0.35,/home/nemophila/projects/protein_bert/LLM/runs_frozen_cross_variant/lora/protbert/adapter_lm_only__feature_lm_pssm/seed_11/metrics.json,/home/nemophila/projects/protein_bert/LLM/runs_frozen_cross_variant/lora/protbert/adapter_lm_only__feature_lm_pssm/seed_11/predictions.csv,/home/nemophila/projects/protein_bert/LLM/runs_frozen_cross_variant/lora/protbert/adapter_lm_only__feature_lm_pssm/seed_11/config.json
lora,protbert,22,lm_only,lm_pssm,0.9366863905325444,0.5903560874507009,0.9125874125874126,0.4897959183673469,0.443184645702903,0.4999999999999999,/home/nemophila/projects/protein_bert/LLM/runs_frozen_cross_variant/lora/protbert/adapter_lm_only__feature_lm_pssm/seed_22/metrics.json,/home/nemophila/projects/protein_bert/LLM/runs_frozen_cross_variant/lora/protbert/adapter_lm_only__feature_lm_pssm/seed_22/predictions.csv,/home/nemophila/projects/protein_bert/LLM/runs_frozen_cross_variant/lora/protbert/adapter_lm_only__feature_lm_pssm/seed_22/config.json
lora,protbert,33,lm_only,lm_pssm,0.9220414201183432,0.5942251485905586,0.8706293706293706,0.5194805194805194,0.4881661767302838,0.2,/home/nemophila/projects/protein_bert/LLM/runs_frozen_cross_variant/lora/protbert/adapter_lm_only__feature_lm_pssm/seed_33/metrics.json,/home/nemophila/projects/protein_bert/LLM/runs_frozen_cross_variant/lora/protbert/adapter_lm_only__feature_lm_pssm/seed_33/predictions.csv,/home/nemophila/projects/protein_bert/LLM/runs_frozen_cross_variant/lora/protbert/adapter_lm_only__feature_lm_pssm/seed_33/config.json
lora,protbert,44,lm_only,lm_pssm,0.9356508875739644,0.655686131851315,0.8006993006993007,0.4466019417475728,0.4387267976856654,0.1,/home/nemophila/projects/protein_bert/LLM/runs_frozen_cross_variant/lora/protbert/adapter_lm_only__feature_lm_pssm/seed_44/metrics.json,/home/nemophila/projects/protein_bert/LLM/runs_frozen_cross_variant/lora/protbert/adapter_lm_only__feature_lm_pssm/seed_44/predictions.csv,/home/nemophila/projects/protein_bert/LLM/runs_frozen_cross_variant/lora/protbert/adapter_lm_only__feature_lm_pssm/seed_44/config.json
lora,protbert,55,lm_only,lm_pssm,0.9255917159763314,0.5746689779876066,0.9195804195804196,0.5490196078431373,0.505009388782645,0.3999999999999999,/home/nemophila/projects/protein_bert/LLM/runs_frozen_cross_variant/lora/protbert/adapter_lm_only__feature_lm_pssm/seed_55/metrics.json,/home/nemophila/projects/protein_bert/LLM/runs_frozen_cross_variant/lora/protbert/adapter_lm_only__feature_lm_pssm/seed_55/predictions.csv,/home/nemophila/projects/protein_bert/LLM/runs_frozen_cross_variant/lora/protbert/adapter_lm_only__feature_lm_pssm/seed_55/config.json
lora,protbert,11,lm_pssm,lm_only,0.8840236686390534,0.4388232403461944,0.8706293706293706,0.4931506849315068,0.450535552804417,0.35,/home/nemophila/projects/protein_bert/LLM/runs_frozen_cross_variant/lora/protbert/adapter_lm_pssm__feature_lm_only/seed_11/metrics.json,/home/nemophila/projects/protein_bert/LLM/runs_frozen_cross_variant/lora/protbert/adapter_lm_pssm__feature_lm_only/seed_11/predictions.csv,/home/nemophila/projects/protein_bert/LLM/runs_frozen_cross_variant/lora/protbert/adapter_lm_pssm__feature_lm_only/seed_11/config.json
lora,protbert,22,lm_pssm,lm_only,0.8818047337278107,0.4339395579631158,0.8006993006993007,0.4123711340206185,0.3813623930222547,0.2,/home/nemophila/projects/protein_bert/LLM/runs_frozen_cross_variant/lora/protbert/adapter_lm_pssm__feature_lm_only/seed_22/metrics.json,/home/nemophila/projects/protein_bert/LLM/runs_frozen_cross_variant/lora/protbert/adapter_lm_pssm__feature_lm_only/seed_22/predictions.csv,/home/nemophila/projects/protein_bert/LLM/runs_frozen_cross_variant/lora/protbert/adapter_lm_pssm__feature_lm_only/seed_22/config.json
lora,protbert,33,lm_pssm,lm_only,0.8838757396449705,0.5445744768460032,0.8391608391608392,0.4523809523809524,0.415236505032876,0.3,/home/nemophila/projects/protein_bert/LLM/runs_frozen_cross_variant/lora/protbert/adapter_lm_pssm__feature_lm_only/seed_33/metrics.json,/home/nemophila/projects/protein_bert/LLM/runs_frozen_cross_variant/lora/protbert/adapter_lm_pssm__feature_lm_only/seed_33/predictions.csv,/home/nemophila/projects/protein_bert/LLM/runs_frozen_cross_variant/lora/protbert/adapter_lm_pssm__feature_lm_only/seed_33/config.json
lora,protbert,44,lm_pssm,lm_only,0.8831360946745562,0.4466642124411358,0.8006993006993007,0.4123711340206185,0.3813623930222547,0.2,/home/nemophila/projects/protein_bert/LLM/runs_frozen_cross_variant/lora/protbert/adapter_lm_pssm__feature_lm_only/seed_44/metrics.json,/home/nemophila/projects/protein_bert/LLM/runs_frozen_cross_variant/lora/protbert/adapter_lm_pssm__feature_lm_only/seed_44/predictions.csv,/home/nemophila/projects/protein_bert/LLM/runs_frozen_cross_variant/lora/protbert/adapter_lm_pssm__feature_lm_only/seed_44/config.json
lora,protbert,55,lm_pssm,lm_only,0.8989644970414201,0.5966571586208311,0.8601398601398601,0.4594594594594595,0.4112498031126873,0.3,/home/nemophila/projects/protein_bert/LLM/runs_frozen_cross_variant/lora/protbert/adapter_lm_pssm__feature_lm_only/seed_55/metrics.json,/home/nemophila/projects/protein_bert/LLM/runs_frozen_cross_variant/lora/protbert/adapter_lm_pssm__feature_lm_only/seed_55/predictions.csv,/home/nemophila/projects/protein_bert/LLM/runs_frozen_cross_variant/lora/protbert/adapter_lm_pssm__feature_lm_only/seed_55/config.json
lora,prott5,11,lm_only,lm_pssm,0.938757396449704,0.6295353698450855,0.9230769230769232,0.6071428571428571,0.5665249516423203,0.3999999999999999,/home/nemophila/projects/protein_bert/LLM/runs_frozen_cross_variant/lora/prott5/adapter_lm_only__feature_lm_pssm/seed_11/metrics.json,/home/nemophila/projects/protein_bert/LLM/runs_frozen_cross_variant/lora/prott5/adapter_lm_only__feature_lm_pssm/seed_11/predictions.csv,/home/nemophila/projects/protein_bert/LLM/runs_frozen_cross_variant/lora/prott5/adapter_lm_only__feature_lm_pssm/seed_11/config.json
lora,prott5,22,lm_only,lm_pssm,0.9399408284023668,0.6457897675298434,0.9125874125874126,0.5098039215686274,0.4619465726849001,0.4999999999999999,/home/nemophila/projects/protein_bert/LLM/runs_frozen_cross_variant/lora/prott5/adapter_lm_only__feature_lm_pssm/seed_22/metrics.json,/home/nemophila/projects/protein_bert/LLM/runs_frozen_cross_variant/lora/prott5/adapter_lm_only__feature_lm_pssm/seed_22/predictions.csv,/home/nemophila/projects/protein_bert/LLM/runs_frozen_cross_variant/lora/prott5/adapter_lm_only__feature_lm_pssm/seed_22/config.json
lora,prott5,33,lm_only,lm_pssm,0.9286982248520712,0.6026636164295927,0.8986013986013986,0.5396825396825397,0.4941863249202632,0.35,/home/nemophila/projects/protein_bert/LLM/runs_frozen_cross_variant/lora/prott5/adapter_lm_only__feature_lm_pssm/seed_33/metrics.json,/home/nemophila/projects/protein_bert/LLM/runs_frozen_cross_variant/lora/prott5/adapter_lm_only__feature_lm_pssm/seed_33/predictions.csv,/home/nemophila/projects/protein_bert/LLM/runs_frozen_cross_variant/lora/prott5/adapter_lm_only__feature_lm_pssm/seed_33/config.json
lora,prott5,44,lm_only,lm_pssm,0.934319526627219,0.6772404507583191,0.8916083916083916,0.5373134328358209,0.4953642741071687,0.25,/home/nemophila/projects/protein_bert/LLM/runs_frozen_cross_variant/lora/prott5/adapter_lm_only__feature_lm_pssm/seed_44/metrics.json,/home/nemophila/projects/protein_bert/LLM/runs_frozen_cross_variant/lora/prott5/adapter_lm_only__feature_lm_pssm/seed_44/predictions.csv,/home/nemophila/projects/protein_bert/LLM/runs_frozen_cross_variant/lora/prott5/adapter_lm_only__feature_lm_pssm/seed_44/config.json
lora,prott5,55,lm_only,lm_pssm,0.9301775147928996,0.6371757411747649,0.9230769230769232,0.5925925925925926,0.5506464538749029,0.4499999999999999,/home/nemophila/projects/protein_bert/LLM/runs_frozen_cross_variant/lora/prott5/adapter_lm_only__feature_lm_pssm/seed_55/metrics.json,/home/nemophila/projects/protein_bert/LLM/runs_frozen_cross_variant/lora/prott5/adapter_lm_only__feature_lm_pssm/seed_55/predictions.csv,/home/nemophila/projects/protein_bert/LLM/runs_frozen_cross_variant/lora/prott5/adapter_lm_only__feature_lm_pssm/seed_55/config.json
lora,prott5,11,lm_pssm,lm_only,0.9002958579881657,0.5976721232362503,0.8811188811188811,0.5277777777777778,0.4905723513245095,0.15,/home/nemophila/projects/protein_bert/LLM/runs_frozen_cross_variant/lora/prott5/adapter_lm_pssm__feature_lm_only/seed_11/metrics.json,/home/nemophila/projects/protein_bert/LLM/runs_frozen_cross_variant/lora/prott5/adapter_lm_pssm__feature_lm_only/seed_11/predictions.csv,/home/nemophila/projects/protein_bert/LLM/runs_frozen_cross_variant/lora/prott5/adapter_lm_pssm__feature_lm_only/seed_11/config.json
lora,prott5,22,lm_pssm,lm_only,0.8812130177514793,0.5730208168425122,0.93006993006993,0.5833333333333334,0.5477225575051661,0.65,/home/nemophila/projects/protein_bert/LLM/runs_frozen_cross_variant/lora/prott5/adapter_lm_pssm__feature_lm_only/seed_22/metrics.json,/home/nemophila/projects/protein_bert/LLM/runs_frozen_cross_variant/lora/prott5/adapter_lm_pssm__feature_lm_only/seed_22/predictions.csv,/home/nemophila/projects/protein_bert/LLM/runs_frozen_cross_variant/lora/prott5/adapter_lm_pssm__feature_lm_only/seed_22/config.json
lora,prott5,33,lm_pssm,lm_only,0.8971893491124261,0.478235071788977,0.9090909090909092,0.5357142857142857,0.4871392896287467,0.4499999999999999,/home/nemophila/projects/protein_bert/LLM/runs_frozen_cross_variant/lora/prott5/adapter_lm_pssm__feature_lm_only/seed_33/metrics.json,/home/nemophila/projects/protein_bert/LLM/runs_frozen_cross_variant/lora/prott5/adapter_lm_pssm__feature_lm_only/seed_33/predictions.csv,/home/nemophila/projects/protein_bert/LLM/runs_frozen_cross_variant/lora/prott5/adapter_lm_pssm__feature_lm_only/seed_33/config.json
lora,prott5,44,lm_pssm,lm_only,0.8460059171597633,0.4802195144234293,0.9230769230769232,0.56,0.5184263721184408,0.7,/home/nemophila/projects/protein_bert/LLM/runs_frozen_cross_variant/lora/prott5/adapter_lm_pssm__feature_lm_only/seed_44/metrics.json,/home/nemophila/projects/protein_bert/LLM/runs_frozen_cross_variant/lora/prott5/adapter_lm_pssm__feature_lm_only/seed_44/predictions.csv,/home/nemophila/projects/protein_bert/LLM/runs_frozen_cross_variant/lora/prott5/adapter_lm_pssm__feature_lm_only/seed_44/config.json
lora,prott5,55,lm_pssm,lm_only,0.9,0.5762530118438179,0.9090909090909092,0.5517241379310345,0.5050921799396824,0.6,/home/nemophila/projects/protein_bert/LLM/runs_frozen_cross_variant/lora/prott5/adapter_lm_pssm__feature_lm_only/seed_55/metrics.json,/home/nemophila/projects/protein_bert/LLM/runs_frozen_cross_variant/lora/prott5/adapter_lm_pssm__feature_lm_only/seed_55/predictions.csv,/home/nemophila/projects/protein_bert/LLM/runs_frozen_cross_variant/lora/prott5/adapter_lm_pssm__feature_lm_only/seed_55/config.json
